fid,id,Trial Name,IDrow,layer,path,704ExG_mean,704ExG_variance,704ExR_mean,704ExR_variance,704gNDVI_mean,704gNDVI_variance,704gNDRE_mean,704gNDRE_variance,704NDVI_mean,704NDVI_variance,704THRESH_mean,704THRESH_variance,704HA_mean,704HA_variance,704PLT_,ExR2mean
1,101,AYT Trial,,7-04 ayt plot files — ayttrialdata_rows_polygons__ayt_plots_dissolved,D:/Drone Imagery/2025 summer/20250704/shapefiles/7-04 ayt plot files.gpkg|layername=ayttrialdata_rows_polygons__ayt_plots_dissolved,2704.676203,10293556.14,2704.676203,10293556.14,0.063690008,0.009099672,-0.033861884,0.000736842,0.255850965,0.018101762,0.091019998,0.082735358,0.969945943,0.02915081,72,16349.2297
2,102,AYT Trial,,7-04 ayt plot files — ayttrialdata_rows_polygons__ayt_plots_dissolved,D:/Drone Imagery/2025 summer/20250704/shapefiles/7-04 ayt plot files.gpkg|layername=ayttrialdata_rows_polygons__ayt_plots_dissolved,3744.368503,40554902.01,3744.368503,40554902.01,0.072802684,0.006933509,-0.030261519,0.000774862,0.27532694,0.020750776,0.113198747,0.10038479,0.904913955,0.086044689,57,15458.06787
3,103,AYT Trial,,7-04 ayt plot files — ayttrialdata_rows_polygons__ayt_plots_dissolved,D:/Drone Imagery/2025 summer/20250704/shapefiles/7-04 ayt plot files.gpkg|layername=ayttrialdata_rows_polygons__ayt_plots_dissolved,3370.78047,27904617.66,3370.78047,27904617.66,0.078040029,0.007932935,-0.025044146,0.000705781,0.281218308,0.019766732,0.103250346,0.092589712,0.940133344,0.056282639,84,15408.02845
4,104,AYT Trial,,7-04 ayt plot files — ayttrialdata_rows_polygons__ayt_plots_dissolved,D:/Drone Imagery/2025 summer/20250704/shapefiles/7-04 ayt plot files.gpkg|layername=ayttrialdata_rows_polygons__ayt_plots_dissolved,3920.130198,39937946.98,3920.130198,39937946.98,0.068368519,0.008996787,-0.030878627,0.000842128,0.27670967,0.023543382,0.11446292,0.10136116,0.933273807,0.062273808,59,15405.36345
5,105,AYT Trial,,7-04 ayt plot files — ayttrialdata_rows_polygons__ayt_plots_dissolved,D:/Drone Imagery/2025 summer/20250704/shapefiles/7-04 ayt plot files.gpkg|layername=ayttrialdata_rows_polygons__ayt_plots_dissolved,4852.08497,54276747.32,4852.08497,54276747.32,0.090191458,0.009188031,-0.026284081,0.001288355,0.30446813,0.026882291,0.146082407,0.124742338,0.94198074,0.054653026,63,14521.53085
6,106,AYT Trial,,7-04 ayt plot files — ayttrialdata_rows_polygons__ayt_plots_dissolved,D:/Drone Imagery/2025 summer/20250704/shapefiles/7-04 ayt plot files.gpkg|layername=ayttrialdata_rows_polygons__ayt_plots_dissolved,2843.614703,19437533.14,2843.614703,19437533.14,0.071526475,0.005413335,-0.026268315,0.001312313,0.260593131,0.012870042,0.063626681,0.059578327,0.943146407,0.053621262,48,15940.83789
7,107,AYT Trial,,7-04 ayt plot files — ayttrialdata_rows_polygons__ayt_plots_dissolved,D:/Drone Imagery/2025 summer/20250704/shapefiles/7-04 ayt plot files.gpkg|layername=ayttrialdata_rows_polygons__ayt_plots_dissolved,3078.081411,33247212.72,3078.081411,33247212.72,0.083826089,0.005526025,-0.026677735,0.00160842,0.280822212,0.015883089,0.092593945,0.084020306,0.941301729,0.055252784,59,15235.92528
8,108,AYT Trial,,7-04 ayt plot files — ayttrialdata_rows_polygons__ayt_plots_dissolved,D:/Drone Imagery/2025 summer/20250704/shapefiles/7-04 ayt plot files.gpkg|layername=ayttrialdata_rows_polygons__ayt_plots_dissolved,3965.455052,62353202.41,3965.455052,62353202.41,0.090750941,0.00529848,-0.026935347,0.000769085,0.296917226,0.021248439,0.129999522,0.113099646,0.894321389,0.094510642,64,14193.38151
9,109,AYT Trial,,7-04 ayt plot files — ayttrialdata_rows_polygons__ayt_plots_dissolved,D:/Drone Imagery/2025 summer/20250704/shapefiles/7-04 ayt plot files.gpkg|layername=ayttrialdata_rows_polygons__ayt_plots_dissolved,2630.649485,32894377.91,2630.649485,32894377.91,0.088685699,0.006000528,-0.027021156,0.000634295,0.285836637,0.016629933,0.092424714,0.083882386,0.968952939,0.030083141,92,14974.3665
10,110,AYT Trial,,7-04 ayt plot files — ayttrialdata_rows_polygons__ayt_plots_dissolved,D:/Drone Imagery/2025 summer/20250704/shapefiles/7-04 ayt plot files.gpkg|layername=ayttrialdata_rows_polygons__ayt_plots_dissolved,3965.087571,72572676,3965.087571,72572676,0.091703269,0.006492096,-0.026150972,0.000669168,0.307607045,0.023522844,0.135207865,0.116926698,0.903403655,0.087265491,67,14112.69924
11,201,AYT Trial,,7-04 ayt plot files — ayttrialdata_rows_polygons__ayt_plots_dissolved,D:/Drone Imagery/2025 summer/20250704/shapefiles/7-04 ayt plot files.gpkg|layername=ayttrialdata_rows_polygons__ayt_plots_dissolved,2822.06009,9746082.114,2822.06009,9746082.114,0.035246088,0.009088455,-0.044973045,0.000664454,0.224186794,0.017570649,0.079701136,0.073348865,0.946110996,0.050984979,83,16466.60374
12,202,AYT Trial,,7-04 ayt plot files — ayttrialdata_rows_polygons__ayt_plots_dissolved,D:/Drone Imagery/2025 summer/20250704/shapefiles/7-04 ayt plot files.gpkg|layername=ayttrialdata_rows_polygons__ayt_plots_dissolved,2482.242457,7680483.221,2482.242457,7680483.221,0.027306101,0.005906889,-0.045049368,0.00056085,0.212030484,0.011734199,0.051638982,0.048972397,0.951192968,0.046424906,76,16181.41545
13,203,AYT Trial,,7-04 ayt plot files — ayttrialdata_rows_polygons__ayt_plots_dissolved,D:/Drone Imagery/2025 summer/20250704/shapefiles/7-04 ayt plot files.gpkg|layername=ayttrialdata_rows_polygons__ayt_plots_dissolved,2765.405119,9280919.202,2765.405119,9280919.202,0.055043039,0.008374652,-0.033521889,0.00070419,0.245245115,0.016850563,0.080002392,0.073602009,0.961539841,0.036980975,82,15213.21715
14,204,AYT Trial,,7-04 ayt plot files — ayttrialdata_rows_polygons__ayt_plots_dissolved,D:/Drone Imagery/2025 summer/20250704/shapefiles/7-04 ayt plot files.gpkg|layername=ayttrialdata_rows_polygons__ayt_plots_dissolved,2489.727387,4192882.349,2489.727387,4192882.349,0.027428118,0.004494042,-0.041889922,0.000604458,0.213006694,0.007801973,0.033176659,0.032075968,0.954947736,0.043022557,85,16450.98966
15,205,AYT Trial,,7-04 ayt plot files — ayttrialdata_rows_polygons__ayt_plots_dissolved,D:/Drone Imagery/2025 summer/20250704/shapefiles/7-04 ayt plot files.gpkg|layername=ayttrialdata_rows_polygons__ayt_plots_dissolved,2785.823759,7368335.32,2785.823759,7368335.32,0.042515662,0.005954921,-0.038183867,0.001219657,0.229870427,0.010876454,0.051706746,0.049033158,0.900688642,0.089448612,73,16177.36012
16,206,AYT Trial,,7-04 ayt plot files — ayttrialdata_rows_polygons__ayt_plots_dissolved,D:/Drone Imagery/2025 summer/20250704/shapefiles/7-04 ayt plot files.gpkg|layername=ayttrialdata_rows_polygons__ayt_plots_dissolved,2513.290744,6707405.327,2513.290744,6707405.327,0.065068966,0.00736209,-0.027775003,0.001498955,0.250637806,0.012929979,0.063399232,0.05937977,0.940606611,0.055865814,55,15555.51228
17,207,AYT Trial,,7-04 ayt plot files — ayttrialdata_rows_polygons__ayt_plots_dissolved,D:/Drone Imagery/2025 summer/20250704/shapefiles/7-04 ayt plot files.gpkg|layername=ayttrialdata_rows_polygons__ayt_plots_dissolved,2352.473941,5969953.985,2352.473941,5969953.985,0.072032442,0.006446756,-0.028286126,0.001611026,0.258648242,0.011585721,0.065060089,0.060827273,0.954518427,0.043413,79,14776.30758
18,208,AYT Trial,,7-04 ayt plot files — ayttrialdata_rows_polygons__ayt_plots_dissolved,D:/Drone Imagery/2025 summer/20250704/shapefiles/7-04 ayt plot files.gpkg|layername=ayttrialdata_rows_polygons__ayt_plots_dissolved,2086.383684,8113010.177,2086.383684,8113010.177,0.056119153,0.004114192,-0.036046826,0.000528998,0.237922735,0.009007342,0.045937833,0.043827548,0.856305757,0.123046208,41,15314.39479
19,209,AYT Trial,,7-04 ayt plot files — ayttrialdata_rows_polygons__ayt_plots_dissolved,D:/Drone Imagery/2025 summer/20250704/shapefiles/7-04 ayt plot files.gpkg|layername=ayttrialdata_rows_polygons__ayt_plots_dissolved,2174.605466,12419645.06,2174.605466,12419645.06,0.078875335,0.006811198,-0.030897766,0.000615774,0.270464744,0.01551435,0.085865877,0.078492928,0.962603331,0.035998158,63,14974.61233
20,210,AYT Trial,,7-04 ayt plot files — ayttrialdata_rows_polygons__ayt_plots_dissolved,D:/Drone Imagery/2025 summer/20250704/shapefiles/7-04 ayt plot files.gpkg|layername=ayttrialdata_rows_polygons__ayt_plots_dissolved,2066.152865,11838700.25,2066.152865,11838700.25,0.073300229,0.00545182,-0.028822392,0.000599973,0.266860824,0.012456808,0.072730049,0.067440389,0.941894935,0.054728866,76,14930.80588
21,301,AYT Trial,,7-04 ayt plot files — ayttrialdata_rows_polygons__ayt_plots_dissolved,D:/Drone Imagery/2025 summer/20250704/shapefiles/7-04 ayt plot files.gpkg|layername=ayttrialdata_rows_polygons__ayt_plots_dissolved,2861.381341,13653481.39,2861.381341,13653481.39,0.021222208,0.004274727,-0.04377623,0.000547883,0.208268341,0.010799766,0.049581203,0.047122908,0.938840478,0.057419035,60,15955.55913
22,302,AYT Trial,,7-04 ayt plot files — ayttrialdata_rows_polygons__ayt_plots_dissolved,D:/Drone Imagery/2025 summer/20250704/shapefiles/7-04 ayt plot files.gpkg|layername=ayttrialdata_rows_polygons__ayt_plots_dissolved,3147.323941,26778191.26,3147.323941,26778191.26,0.027727939,0.007682961,-0.046854848,0.000628779,0.230029878,0.020520214,0.099050398,0.089239417,0.833843615,0.138548441,57,15596.95538
23,303,AYT Trial,,7-04 ayt plot files — ayttrialdata_rows_polygons__ayt_plots_dissolved,D:/Drone Imagery/2025 summer/20250704/shapefiles/7-04 ayt plot files.gpkg|layername=ayttrialdata_rows_polygons__ayt_plots_dissolved,2778.481716,14460441.38,2778.481716,14460441.38,0.071121304,0.011301808,-0.031002142,0.000925873,0.26726649,0.023557143,0.119453291,0.105184202,0.908022901,0.083517312,79,14271.17372
24,304,AYT Trial,,7-04 ayt plot files — ayttrialdata_rows_polygons__ayt_plots_dissolved,D:/Drone Imagery/2025 summer/20250704/shapefiles/7-04 ayt plot files.gpkg|layername=ayttrialdata_rows_polygons__ayt_plots_dissolved,2882.765459,12938870.64,2882.765459,12938870.64,0.05523305,0.011052165,-0.036539159,0.000887635,0.254341244,0.021804069,0.106063868,0.094814324,0.894191665,0.094612931,51,14999.86683
25,305,AYT Trial,,7-04 ayt plot files — ayttrialdata_rows_polygons__ayt_plots_dissolved,D:/Drone Imagery/2025 summer/20250704/shapefiles/7-04 ayt plot files.gpkg|layername=ayttrialdata_rows_polygons__ayt_plots_dissolved,2580.187004,6372972.506,2580.187004,6372972.506,0.04818146,0.007299768,-0.036014129,0.001507706,0.238428357,0.012801786,0.061991675,0.058148708,0.923973111,0.070246801,65,15436.50168
26,306,AYT Trial,,7-04 ayt plot files — ayttrialdata_rows_polygons__ayt_plots_dissolved,D:/Drone Imagery/2025 summer/20250704/shapefiles/7-04 ayt plot files.gpkg|layername=ayttrialdata_rows_polygons__ayt_plots_dissolved,2278.941395,4219688.17,2278.941395,4219688.17,0.053165274,0.005579237,-0.029906406,0.001421129,0.239463219,0.008962711,0.04360618,0.041704681,0.951414014,0.046225388,55,15144.54156
27,307,AYT Trial,,7-04 ayt plot files — ayttrialdata_rows_polygons__ayt_plots_dissolved,D:/Drone Imagery/2025 summer/20250704/shapefiles/7-04 ayt plot files.gpkg|layername=ayttrialdata_rows_polygons__ayt_plots_dissolved,2705.311527,12203674.51,2705.311527,12203674.51,0.099350458,0.0121118,-0.021272858,0.002419125,0.29749799,0.022359391,0.122856307,0.107762635,0.941596003,0.05499297,69,13260.67631
28,308,AYT Trial,,7-04 ayt plot files — ayttrialdata_rows_polygons__ayt_plots_dissolved,D:/Drone Imagery/2025 summer/20250704/shapefiles/7-04 ayt plot files.gpkg|layername=ayttrialdata_rows_polygons__ayt_plots_dissolved,2089.655143,12435935.04,2089.655143,12435935.04,0.073755411,0.005042482,-0.032325589,0.000571544,0.259067212,0.011903095,0.067313386,0.062782294,0.905336626,0.08570222,44,14659.26589
29,309,AYT Trial,,7-04 ayt plot files — ayttrialdata_rows_polygons__ayt_plots_dissolved,D:/Drone Imagery/2025 summer/20250704/shapefiles/7-04 ayt plot files.gpkg|layername=ayttrialdata_rows_polygons__ayt_plots_dissolved,2349.513651,24730108.51,2349.513651,24730108.51,0.087194456,0.006972414,-0.030881416,0.000581565,0.279394258,0.018122083,0.09639923,0.087106418,0.836821585,0.13655122,34,14549.85777
30,310,AYT Trial,,7-04 ayt plot files — ayttrialdata_rows_polygons__ayt_plots_dissolved,D:/Drone Imagery/2025 summer/20250704/shapefiles/7-04 ayt plot files.gpkg|layername=ayttrialdata_rows_polygons__ayt_plots_dissolved,2469.537721,25639366.79,2469.537721,25639366.79,0.081937779,0.006773083,-0.0299707,0.000602369,0.277239297,0.018458837,0.096013674,0.086795049,0.868548614,0.114171919,30,14535.79094
31,401,AYT Trial,,7-04 ayt plot files — ayttrialdata_rows_polygons__ayt_plots_dissolved,D:/Drone Imagery/2025 summer/20250704/shapefiles/7-04 ayt plot files.gpkg|layername=ayttrialdata_rows_polygons__ayt_plots_dissolved,3137.552107,20411003.97,3137.552107,20411003.97,0.04964027,0.005497497,-0.033585093,0.000700073,0.238620281,0.01533388,0.07748517,0.071481219,0.946132134,0.050966119,78,15712.12009
32,402,AYT Trial,,7-04 ayt plot files — ayttrialdata_rows_polygons__ayt_plots_dissolved,D:/Drone Imagery/2025 summer/20250704/shapefiles/7-04 ayt plot files.gpkg|layername=ayttrialdata_rows_polygons__ayt_plots_dissolved,1970.872965,2424672.098,1970.872965,2424672.098,0.002688017,0.001587154,-0.04895829,0.000284437,0.184074731,0.002942086,0.010154652,0.010051535,0.673041731,0.220056559,35,16641.31816
33,403,AYT Trial,,7-04 ayt plot files — ayttrialdata_rows_polygons__ayt_plots_dissolved,D:/Drone Imagery/2025 summer/20250704/shapefiles/7-04 ayt plot files.gpkg|layername=ayttrialdata_rows_polygons__ayt_plots_dissolved,3512.67864,27875223.33,3512.67864,27875223.33,0.064723178,0.006037256,-0.032246386,0.000836928,0.262716672,0.018393437,0.102123268,0.091694106,0.871590237,0.111920696,67,14405.72728
34,404,AYT Trial,,7-04 ayt plot files — ayttrialdata_rows_polygons__ayt_plots_dissolved,D:/Drone Imagery/2025 summer/20250704/shapefiles/7-04 ayt plot files.gpkg|layername=ayttrialdata_rows_polygons__ayt_plots_dissolved,2598.172639,11236181.07,2598.172639,11236181.07,0.022609187,0.004121162,-0.044410024,0.000538828,0.216422552,0.010073949,0.045375176,0.04331627,0.903719651,0.087010444,47,15839.14642
35,405,AYT Trial,,7-04 ayt plot files — ayttrialdata_rows_polygons__ayt_plots_dissolved,D:/Drone Imagery/2025 summer/20250704/shapefiles/7-04 ayt plot files.gpkg|layername=ayttrialdata_rows_polygons__ayt_plots_dissolved,2175.669401,4595921.42,2175.669401,4595921.42,0.015978017,0.002973809,-0.044152371,0.000842275,0.206110532,0.00562839,0.024465866,0.023867288,0.932977269,0.062530684,45,16290.67555
36,406,AYT Trial,,7-04 ayt plot files — ayttrialdata_rows_polygons__ayt_plots_dissolved,D:/Drone Imagery/2025 summer/20250704/shapefiles/7-04 ayt plot files.gpkg|layername=ayttrialdata_rows_polygons__ayt_plots_dissolved,3156.504901,19613846.95,3156.504901,19613846.95,0.065833103,0.009941724,-0.029037782,0.002189019,0.270692213,0.019821199,0.103337434,0.092658809,0.921562661,0.072284923,75,14478.63728
37,407,AYT Trial,,7-04 ayt plot files — ayttrialdata_rows_polygons__ayt_plots_dissolved,D:/Drone Imagery/2025 summer/20250704/shapefiles/7-04 ayt plot files.gpkg|layername=ayttrialdata_rows_polygons__ayt_plots_dissolved,1832.288166,3797538.305,1832.288166,3797538.305,0.034168639,0.003480784,-0.037828604,0.000936215,0.21934169,0.005032581,0.018867925,0.018511926,0.743042604,0.190930293,36,15868.6155
38,408,AYT Trial,,7-04 ayt plot files — ayttrialdata_rows_polygons__ayt_plots_dissolved,D:/Drone Imagery/2025 summer/20250704/shapefiles/7-04 ayt plot files.gpkg|layername=ayttrialdata_rows_polygons__ayt_plots_dissolved,2622.497752,26449595.19,2622.497752,26449595.19,0.06262306,0.005070754,-0.03392551,0.000653305,0.261723954,0.014715505,0.081742729,0.075060855,0.931231612,0.064039297,54,14714.16389
39,410,AYT Trial,,7-04 ayt plot files — ayttrialdata_rows_polygons__ayt_plots_dissolved,D:/Drone Imagery/2025 summer/20250704/shapefiles/7-04 ayt plot files.gpkg|layername=ayttrialdata_rows_polygons__ayt_plots_dissolved,1785.194299,13058489.66,1785.194299,13058489.66,0.06912403,0.00329673,-0.029695197,0.000580472,0.254815742,0.007825534,0.041605649,0.039874619,0.923231821,0.070874825,52,14479.47087
40,409,AYT Trial,,7-04 ayt plot files — ayttrialdata_rows_polygons__ayt_plots_dissolved,D:/Drone Imagery/2025 summer/20250704/shapefiles/7-04 ayt plot files.gpkg|layername=ayttrialdata_rows_polygons__ayt_plots_dissolved,2781.217586,36993190.93,2781.217586,36993190.93,0.090143802,0.005436941,-0.025923469,0.000720602,0.290291587,0.017095735,0.107734443,0.096127733,0.953115656,0.044686202,64,13998.73001
41,501,AYT Trial,,7-04 ayt plot files — ayttrialdata_rows_polygons__ayt_plots_dissolved,D:/Drone Imagery/2025 summer/20250704/shapefiles/7-04 ayt plot files.gpkg|layername=ayttrialdata_rows_polygons__ayt_plots_dissolved,2760.233053,11212269.4,2760.233053,11212269.4,0.073433021,0.007210264,-0.027954789,0.000794034,0.261482611,0.014882567,0.081838404,0.07514088,0.947962637,0.049329476,90,15415.15767
42,502,AYT Trial,,7-04 ayt plot files — ayttrialdata_rows_polygons__ayt_plots_dissolved,D:/Drone Imagery/2025 summer/20250704/shapefiles/7-04 ayt plot files.gpkg|layername=ayttrialdata_rows_polygons__ayt_plots_dissolved,2891.952194,15299921.81,2891.952194,15299921.81,0.073203299,0.00789093,-0.032049434,0.000610285,0.268976304,0.019121258,0.101234332,0.090985942,0.942547568,0.05415165,88,14920.41844
43,503,AYT Trial,,7-04 ayt plot files — ayttrialdata_rows_polygons__ayt_plots_dissolved,D:/Drone Imagery/2025 summer/20250704/shapefiles/7-04 ayt plot files.gpkg|layername=ayttrialdata_rows_polygons__ayt_plots_dissolved,2800.760224,11371482.6,2800.760224,11371482.6,0.078629356,0.007605502,-0.026689826,0.000827241,0.27178165,0.017227229,0.092162537,0.083668604,0.881014172,0.104828201,69,14974.84374
44,504,AYT Trial,,7-04 ayt plot files — ayttrialdata_rows_polygons__ayt_plots_dissolved,D:/Drone Imagery/2025 summer/20250704/shapefiles/7-04 ayt plot files.gpkg|layername=ayttrialdata_rows_polygons__ayt_plots_dissolved,2769.531147,8537545.134,2769.531147,8537545.134,0.058926375,0.008492844,-0.037158994,0.000847598,0.257444149,0.016875062,0.088304281,0.080506635,0.96383609,0.034856082,70,15728.00986
45,505,AYT Trial,,7-04 ayt plot files — ayttrialdata_rows_polygons__ayt_plots_dissolved,D:/Drone Imagery/2025 summer/20250704/shapefiles/7-04 ayt plot files.gpkg|layername=ayttrialdata_rows_polygons__ayt_plots_dissolved,3095.629558,13598078.29,3095.629558,13598078.29,0.066624075,0.010591799,-0.03278656,0.002189493,0.27312914,0.020124621,0.107880892,0.096242605,0.972158045,0.02706678,61,14990.31772
46,506,AYT Trial,,7-04 ayt plot files — ayttrialdata_rows_polygons__ayt_plots_dissolved,D:/Drone Imagery/2025 summer/20250704/shapefiles/7-04 ayt plot files.gpkg|layername=ayttrialdata_rows_polygons__ayt_plots_dissolved,2398.042642,5570090.834,2398.042642,5570090.834,0.049921859,0.007453719,-0.033729075,0.001659426,0.251177874,0.01193075,0.063937586,0.059849571,0.967681426,0.031274084,59,15546.67694
47,510,AYT Trial,,7-04 ayt plot files — ayttrialdata_rows_polygons__ayt_plots_dissolved,D:/Drone Imagery/2025 summer/20250704/shapefiles/7-04 ayt plot files.gpkg|layername=ayttrialdata_rows_polygons__ayt_plots_dissolved,2727.992952,26259732.17,2727.992952,26259732.17,0.071484048,0.007917852,-0.0379356,0.000783492,0.278275691,0.020120413,0.112017925,0.09946991,0.865232624,0.11660513,35,13789.46217
48,509,AYT Trial,,7-04 ayt plot files — ayttrialdata_rows_polygons__ayt_plots_dissolved,D:/Drone Imagery/2025 summer/20250704/shapefiles/7-04 ayt plot files.gpkg|layername=ayttrialdata_rows_polygons__ayt_plots_dissolved,2128.315919,14443194.63,2128.315919,14443194.63,0.072159644,0.008374859,-0.03654741,0.000666596,0.271058707,0.016924396,0.090861586,0.082605758,0.949716361,0.047755194,63,14519.63556
49,508,AYT Trial,,7-04 ayt plot files — ayttrialdata_rows_polygons__ayt_plots_dissolved,D:/Drone Imagery/2025 summer/20250704/shapefiles/7-04 ayt plot files.gpkg|layername=ayttrialdata_rows_polygons__ayt_plots_dissolved,2312.533211,14390835.38,2312.533211,14390835.38,0.048629419,0.008057967,-0.040068499,0.000648871,0.251733801,0.016658893,0.079745503,0.073386158,0.934807568,0.060942379,53,14750.27582
50,507,AYT Trial,,7-04 ayt plot files — ayttrialdata_rows_polygons__ayt_plots_dissolved,D:/Drone Imagery/2025 summer/20250704/shapefiles/7-04 ayt plot files.gpkg|layername=ayttrialdata_rows_polygons__ayt_plots_dissolved,2693.487846,13962705.69,2693.487846,13962705.69,0.077503309,0.011755416,-0.030473149,0.001025567,0.282941403,0.02192104,0.119242955,0.105024072,0.880023796,0.105581914,44,14126.60712
51,601,AYT Trial,,7-04 ayt plot files — ayttrialdata_rows_polygons__ayt_plots_dissolved,D:/Drone Imagery/2025 summer/20250704/shapefiles/7-04 ayt plot files.gpkg|layername=ayttrialdata_rows_polygons__ayt_plots_dissolved,2487.148433,9611491.35,2487.148433,9611491.35,0.062299181,0.003105411,-0.024099465,0.000569108,0.251238028,0.007218555,0.041042813,0.0393583,0.892181838,0.096193406,63,15510.01296
52,602,AYT Trial,,7-04 ayt plot files — ayttrialdata_rows_polygons__ayt_plots_dissolved,D:/Drone Imagery/2025 summer/20250704/shapefiles/7-04 ayt plot files.gpkg|layername=ayttrialdata_rows_polygons__ayt_plots_dissolved,2408.667112,6765228.535,2408.667112,6765228.535,0.046281316,0.002385002,-0.033122625,0.000418186,0.236757796,0.006209139,0.032692505,0.031623705,0.896356744,0.092901332,64,15829.76962
53,603,AYT Trial,,7-04 ayt plot files — ayttrialdata_rows_polygons__ayt_plots_dissolved,D:/Drone Imagery/2025 summer/20250704/shapefiles/7-04 ayt plot files.gpkg|layername=ayttrialdata_rows_polygons__ayt_plots_dissolved,3284.792738,14722317.91,3284.792738,14722317.91,0.073223031,0.007383871,-0.028458523,0.000877312,0.271327328,0.017279868,0.09741799,0.087927725,0.939579696,0.056769691,75,15327.09368
54,604,AYT Trial,,7-04 ayt plot files — ayttrialdata_rows_polygons__ayt_plots_dissolved,D:/Drone Imagery/2025 summer/20250704/shapefiles/7-04 ayt plot files.gpkg|layername=ayttrialdata_rows_polygons__ayt_plots_dissolved,3328.537255,16213673.35,3328.537255,16213673.35,0.057284457,0.007333181,-0.036880033,0.000813012,0.260777832,0.017470104,0.094732668,0.08575839,0.92429389,0.069974695,64,15734.61955
55,605,AYT Trial,,7-04 ayt plot files — ayttrialdata_rows_polygons__ayt_plots_dissolved,D:/Drone Imagery/2025 summer/20250704/shapefiles/7-04 ayt plot files.gpkg|layername=ayttrialdata_rows_polygons__ayt_plots_dissolved,2587.501063,9109392.358,2587.501063,9109392.358,0.05383538,0.006902482,-0.032114881,0.001656285,0.254256367,0.012564585,0.067915847,0.063303285,0.956409502,0.041690367,77,15646.92808
56,606,AYT Trial,,7-04 ayt plot files — ayttrialdata_rows_polygons__ayt_plots_dissolved,D:/Drone Imagery/2025 summer/20250704/shapefiles/7-04 ayt plot files.gpkg|layername=ayttrialdata_rows_polygons__ayt_plots_dissolved,2959.087981,18423288.27,2959.087981,18423288.27,0.095498662,0.012232118,-0.022437653,0.0027433,0.307201268,0.022513025,0.138039627,0.118984689,0.942011679,0.054625676,116,13977.36339
57,607,AYT Trial,,7-04 ayt plot files — ayttrialdata_rows_polygons__ayt_plots_dissolved,D:/Drone Imagery/2025 summer/20250704/shapefiles/7-04 ayt plot files.gpkg|layername=ayttrialdata_rows_polygons__ayt_plots_dissolved,2090.90083,13351150.54,2090.90083,13351150.54,0.049365844,0.004100612,-0.036279285,0.000580338,0.250493674,0.009715024,0.052404803,0.049658539,0.908540769,0.08309444,65,15111.28196
58,608,AYT Trial,,7-04 ayt plot files — ayttrialdata_rows_polygons__ayt_plots_dissolved,D:/Drone Imagery/2025 summer/20250704/shapefiles/7-04 ayt plot files.gpkg|layername=ayttrialdata_rows_polygons__ayt_plots_dissolved,2288.530624,20014765.07,2288.530624,20014765.07,0.034198025,0.005678952,-0.043063351,0.000574161,0.248705127,0.014359902,0.073459113,0.068062872,0.922461576,0.071526217,65,14797.01743
59,609,AYT Trial,,7-04 ayt plot files — ayttrialdata_rows_polygons__ayt_plots_dissolved,D:/Drone Imagery/2025 summer/20250704/shapefiles/7-04 ayt plot files.gpkg|layername=ayttrialdata_rows_polygons__ayt_plots_dissolved,1938.332687,12691646.7,1938.332687,12691646.7,0.063021159,0.007611321,-0.037461139,0.00059785,0.271004277,0.015838473,0.087313605,0.07968994,0.977913811,0.021598389,83,14276.59671
60,610,AYT Trial,,7-04 ayt plot files — ayttrialdata_rows_polygons__ayt_plots_dissolved,D:/Drone Imagery/2025 summer/20250704/shapefiles/7-04 ayt plot files.gpkg|layername=ayttrialdata_rows_polygons__ayt_plots_dissolved,1779.52377,7596317.798,1779.52377,7596317.798,0.046642681,0.00489168,-0.035801824,0.000663148,0.24771214,0.009417398,0.047157495,0.044933666,0.955983385,0.042079153,85,14061.41993
61,701,AYT Trial,,7-04 ayt plot files — ayttrialdata_rows_polygons__ayt_plots_dissolved,D:/Drone Imagery/2025 summer/20250704/shapefiles/7-04 ayt plot files.gpkg|layername=ayttrialdata_rows_polygons__ayt_plots_dissolved,2373.07903,8317936.76,2373.07903,8317936.76,0.077800024,0.007292906,-0.020960408,0.000770918,0.274736059,0.01428536,0.080548712,0.074060617,0.949389493,0.048049084,128,14799.35335
62,702,AYT Trial,,7-04 ayt plot files — ayttrialdata_rows_polygons__ayt_plots_dissolved,D:/Drone Imagery/2025 summer/20250704/shapefiles/7-04 ayt plot files.gpkg|layername=ayttrialdata_rows_polygons__ayt_plots_dissolved,2840.938859,14831689.78,2840.938859,14831689.78,0.067674707,0.004704973,-0.025628326,0.000614974,0.264627411,0.012986432,0.075263042,0.069598517,0.971047749,0.028114018,95,15620.30102
63,703,AYT Trial,,7-04 ayt plot files — ayttrialdata_rows_polygons__ayt_plots_dissolved,D:/Drone Imagery/2025 summer/20250704/shapefiles/7-04 ayt plot files.gpkg|layername=ayttrialdata_rows_polygons__ayt_plots_dissolved,2766.0332,8794298.925,2766.0332,8794298.925,0.063368684,0.005652905,-0.027159256,0.000665174,0.256415972,0.011862242,0.062633052,0.058710153,0.919351367,0.074144431,42,15371.18602
64,704,AYT Trial,,7-04 ayt plot files — ayttrialdata_rows_polygons__ayt_plots_dissolved,D:/Drone Imagery/2025 summer/20250704/shapefiles/7-04 ayt plot files.gpkg|layername=ayttrialdata_rows_polygons__ayt_plots_dissolved,2883.656881,5643630.871,2883.656881,5643630.871,0.038689764,0.003936098,-0.038879683,0.000892216,0.229368788,0.007569842,0.036339147,0.035018613,0.947016864,0.050175923,78,16406.13834
65,705,AYT Trial,,7-04 ayt plot files — ayttrialdata_rows_polygons__ayt_plots_dissolved,D:/Drone Imagery/2025 summer/20250704/shapefiles/7-04 ayt plot files.gpkg|layername=ayttrialdata_rows_polygons__ayt_plots_dissolved,3485.84365,19614703.34,3485.84365,19614703.34,0.074145341,0.009686846,-0.029554412,0.002284592,0.277747757,0.02042898,0.111649158,0.099183624,0.970525439,0.028605812,74,15199.04495
66,706,AYT Trial,,7-04 ayt plot files — ayttrialdata_rows_polygons__ayt_plots_dissolved,D:/Drone Imagery/2025 summer/20250704/shapefiles/7-04 ayt plot files.gpkg|layername=ayttrialdata_rows_polygons__ayt_plots_dissolved,2777.98008,16732731.42,2777.98008,16732731.42,0.073804879,0.007815874,-0.028930402,0.002090209,0.27184018,0.016227611,0.088485371,0.08065571,0.937594242,0.058511279,68,15226.91999
67,707,AYT Trial,,7-04 ayt plot files — ayttrialdata_rows_polygons__ayt_plots_dissolved,D:/Drone Imagery/2025 summer/20250704/shapefiles/7-04 ayt plot files.gpkg|layername=ayttrialdata_rows_polygons__ayt_plots_dissolved,2113.496397,8914507.841,2113.496397,8914507.841,0.057192054,0.002952141,-0.032505777,0.000453121,0.24841562,0.00732037,0.039946409,0.038350693,0.952375997,0.045355958,88,14904.71885
68,708,AYT Trial,,7-04 ayt plot files — ayttrialdata_rows_polygons__ayt_plots_dissolved,D:/Drone Imagery/2025 summer/20250704/shapefiles/7-04 ayt plot files.gpkg|layername=ayttrialdata_rows_polygons__ayt_plots_dissolved,1917.74022,10882740.75,1917.74022,10882740.75,0.043879798,0.003328932,-0.034356484,0.00040939,0.244724093,0.008443711,0.045052803,0.043023048,0.910441335,0.081537911,59,14551.53873
69,709,AYT Trial,,7-04 ayt plot files — ayttrialdata_rows_polygons__ayt_plots_dissolved,D:/Drone Imagery/2025 summer/20250704/shapefiles/7-04 ayt plot files.gpkg|layername=ayttrialdata_rows_polygons__ayt_plots_dissolved,1754.933744,6193279.236,1754.933744,6193279.236,0.061878373,0.005688238,-0.027566533,0.000478357,0.264857514,0.01093063,0.064413833,0.060264691,0.967824419,0.031140313,103,13954.81092
70,710,AYT Trial,,7-04 ayt plot files — ayttrialdata_rows_polygons__ayt_plots_dissolved,D:/Drone Imagery/2025 summer/20250704/shapefiles/7-04 ayt plot files.gpkg|layername=ayttrialdata_rows_polygons__ayt_plots_dissolved,2316.202416,13581781.23,2316.202416,13581781.23,0.059900902,0.006707558,-0.026203973,0.000656904,0.267992287,0.014248296,0.080969018,0.074413036,0.965346028,0.033453074,74,13638.01438
71,801,AYT Trial,,7-04 ayt plot files — ayttrialdata_rows_polygons__ayt_plots_dissolved,D:/Drone Imagery/2025 summer/20250704/shapefiles/7-04 ayt plot files.gpkg|layername=ayttrialdata_rows_polygons__ayt_plots_dissolved,2681.892683,19051464.92,2681.892683,19051464.92,0.064608802,0.005511397,-0.023467574,0.000771014,0.267042323,0.014217759,0.081321928,0.074708672,0.939224615,0.057081737,100,14339.27235
72,802,AYT Trial,,7-04 ayt plot files — ayttrialdata_rows_polygons__ayt_plots_dissolved,D:/Drone Imagery/2025 summer/20250704/shapefiles/7-04 ayt plot files.gpkg|layername=ayttrialdata_rows_polygons__ayt_plots_dissolved,2219.813289,7797461.173,2219.813289,7797461.173,0.050840808,0.005789351,-0.029410708,0.000589162,0.243523795,0.012396264,0.057616593,0.054296921,0.919132076,0.074328303,67,16036.11867
73,803,AYT Trial,,7-04 ayt plot files — ayttrialdata_rows_polygons__ayt_plots_dissolved,D:/Drone Imagery/2025 summer/20250704/shapefiles/7-04 ayt plot files.gpkg|layername=ayttrialdata_rows_polygons__ayt_plots_dissolved,3158.492163,17695590.33,3158.492163,17695590.33,0.074770484,0.005787649,-0.022711492,0.000860175,0.271537583,0.01501722,0.086522904,0.079036691,0.968401229,0.030600289,95,14632.6734
74,804,AYT Trial,,7-04 ayt plot files — ayttrialdata_rows_polygons__ayt_plots_dissolved,D:/Drone Imagery/2025 summer/20250704/shapefiles/7-04 ayt plot files.gpkg|layername=ayttrialdata_rows_polygons__ayt_plots_dissolved,2949.442945,10218550.51,2949.442945,10218550.51,0.065574351,0.006197289,-0.03014134,0.002054771,0.25611915,0.0120943,0.064679963,0.060496466,0.968549228,0.03046162,85,15357.10783
75,805,AYT Trial,,7-04 ayt plot files — ayttrialdata_rows_polygons__ayt_plots_dissolved,D:/Drone Imagery/2025 summer/20250704/shapefiles/7-04 ayt plot files.gpkg|layername=ayttrialdata_rows_polygons__ayt_plots_dissolved,3301.47733,18767077.4,3301.47733,18767077.4,0.092948768,0.007756831,-0.02040847,0.003004947,0.287723333,0.016170997,0.100837708,0.090669464,0.918055971,0.075229205,71,14184.31691
76,806,AYT Trial,,7-04 ayt plot files — ayttrialdata_rows_polygons__ayt_plots_dissolved,D:/Drone Imagery/2025 summer/20250704/shapefiles/7-04 ayt plot files.gpkg|layername=ayttrialdata_rows_polygons__ayt_plots_dissolved,2494.44458,9216668.412,2494.44458,9216668.412,0.093576728,0.008441446,-0.022181134,0.002510532,0.280715018,0.014993052,0.083284029,0.0763478,0.931975529,0.063397142,86,14357.65748
77,807,AYT Trial,,7-04 ayt plot files — ayttrialdata_rows_polygons__ayt_plots_dissolved,D:/Drone Imagery/2025 summer/20250704/shapefiles/7-04 ayt plot files.gpkg|layername=ayttrialdata_rows_polygons__ayt_plots_dissolved,2998.238997,22532987.65,2998.238997,22532987.65,0.072700449,0.004457971,-0.029333139,0.000555079,0.268431171,0.013054477,0.076911643,0.070996242,0.944128542,0.052749839,79,14472.84157
78,808,AYT Trial,,7-04 ayt plot files — ayttrialdata_rows_polygons__ayt_plots_dissolved,D:/Drone Imagery/2025 summer/20250704/shapefiles/7-04 ayt plot files.gpkg|layername=ayttrialdata_rows_polygons__ayt_plots_dissolved,2257.943866,10565508.33,2257.943866,10565508.33,0.040791278,0.002901932,-0.037231831,0.000438908,0.238718658,0.007411549,0.039535523,0.037972466,0.899123279,0.090700608,59,15605.10411
79,809,AYT Trial,,7-04 ayt plot files — ayttrialdata_rows_polygons__ayt_plots_dissolved,D:/Drone Imagery/2025 summer/20250704/shapefiles/7-04 ayt plot files.gpkg|layername=ayttrialdata_rows_polygons__ayt_plots_dissolved,2337.500516,15125318.54,2337.500516,15125318.54,0.055814526,0.005341453,-0.028098081,0.000579006,0.265196811,0.012596381,0.073634922,0.06821282,0.939590388,0.056760291,70,14534.23972
80,901,AYT Trial,,7-04 ayt plot files — ayttrialdata_rows_polygons__ayt_plots_dissolved,D:/Drone Imagery/2025 summer/20250704/shapefiles/7-04 ayt plot files.gpkg|layername=ayttrialdata_rows_polygons__ayt_plots_dissolved,2675.692793,17633810.11,2675.692793,17633810.11,0.042057301,0.004915392,-0.029031036,0.000756116,0.242326956,0.012664081,0.065244953,0.060988049,0.957913747,0.040315001,87,15454.50828
81,902,AYT Trial,,7-04 ayt plot files — ayttrialdata_rows_polygons__ayt_plots_dissolved,D:/Drone Imagery/2025 summer/20250704/shapefiles/7-04 ayt plot files.gpkg|layername=ayttrialdata_rows_polygons__ayt_plots_dissolved,2771.045377,18869788.66,2771.045377,18869788.66,0.037889456,0.004559735,-0.032243256,0.000583328,0.242476533,0.013602803,0.07077031,0.065761873,0.93355203,0.062032637,70,16097.80287
82,903,AYT Trial,,7-04 ayt plot files — ayttrialdata_rows_polygons__ayt_plots_dissolved,D:/Drone Imagery/2025 summer/20250704/shapefiles/7-04 ayt plot files.gpkg|layername=ayttrialdata_rows_polygons__ayt_plots_dissolved,2479.388159,5799639.895,2479.388159,5799639.895,0.041220791,0.002522978,-0.029438688,0.00056478,0.228698089,0.00489026,0.022357984,0.021858105,0.827460089,0.14276989,65,17123.62093
83,904,AYT Trial,,7-04 ayt plot files — ayttrialdata_rows_polygons__ayt_plots_dissolved,D:/Drone Imagery/2025 summer/20250704/shapefiles/7-04 ayt plot files.gpkg|layername=ayttrialdata_rows_polygons__ayt_plots_dissolved,2941.710383,9821668.864,2941.710383,9821668.864,0.070246056,0.004673313,-0.021877354,0.002017952,0.257729842,0.006555603,0.032249912,0.031209855,0.886874588,0.100328054,55,15941.11122
84,905,AYT Trial,,7-04 ayt plot files — ayttrialdata_rows_polygons__ayt_plots_dissolved,D:/Drone Imagery/2025 summer/20250704/shapefiles/7-04 ayt plot files.gpkg|layername=ayttrialdata_rows_polygons__ayt_plots_dissolved,2871.597984,12866763.97,2871.597984,12866763.97,0.107348578,0.005892213,-0.007361845,0.00279649,0.292762884,0.008435076,0.050282558,0.047754223,0.909015014,0.082706718,60,14210.50641
85,906,AYT Trial,,7-04 ayt plot files — ayttrialdata_rows_polygons__ayt_plots_dissolved,D:/Drone Imagery/2025 summer/20250704/shapefiles/7-04 ayt plot files.gpkg|layername=ayttrialdata_rows_polygons__ayt_plots_dissolved,3408.000013,19184434.32,3408.000013,19184434.32,0.125958841,0.006533512,-0.011467043,0.002423044,0.315121553,0.012256664,0.088823836,0.080934162,0.957638916,0.040566623,103,14877.21232
86,907,AYT Trial,,7-04 ayt plot files — ayttrialdata_rows_polygons__ayt_plots_dissolved,D:/Drone Imagery/2025 summer/20250704/shapefiles/7-04 ayt plot files.gpkg|layername=ayttrialdata_rows_polygons__ayt_plots_dissolved,3366.752314,22370763.17,3366.752314,22370763.17,0.114416801,0.006060648,-0.014678986,0.001013642,0.309692653,0.01517435,0.10081717,0.090653069,0.935780833,0.060095066,89,15088.13898
87,908,AYT Trial,,7-04 ayt plot files — ayttrialdata_rows_polygons__ayt_plots_dissolved,D:/Drone Imagery/2025 summer/20250704/shapefiles/7-04 ayt plot files.gpkg|layername=ayttrialdata_rows_polygons__ayt_plots_dissolved,2870.592229,10224106.67,2870.592229,10224106.67,0.090803954,0.005998743,-0.021217893,0.000643177,0.287616135,0.012940865,0.075659731,0.069935337,0.923723155,0.070458688,70,16107.15014
88,909,AYT Trial,,7-04 ayt plot files — ayttrialdata_rows_polygons__ayt_plots_dissolved,D:/Drone Imagery/2025 summer/20250704/shapefiles/7-04 ayt plot files.gpkg|layername=ayttrialdata_rows_polygons__ayt_plots_dissolved,2855.941172,13866816.31,2855.941172,13866816.31,0.129548578,0.007390596,-1.04E-05,0.000802728,0.328369182,0.014933493,0.110980289,0.098663664,0.959150598,0.039180728,85,13966.61099
89,910,AYT Trial,,7-04 ayt plot files — ayttrialdata_rows_polygons__ayt_plots_dissolved,D:/Drone Imagery/2025 summer/20250704/shapefiles/7-04 ayt plot files.gpkg|layername=ayttrialdata_rows_polygons__ayt_plots_dissolved,2148.68649,8267781.201,2148.68649,8267781.201,0.066639554,0.004396843,-0.009191801,0.000636723,0.273523676,0.008066393,0.045561868,0.043485984,0.89722212,0.092214588,56,15696.22337
90,810,AYT Trial,,7-04 ayt plot files — ayttrialdata_rows_polygons__ayt_plots_dissolved,D:/Drone Imagery/2025 summer/20250704/shapefiles/7-04 ayt plot files.gpkg|layername=ayttrialdata_rows_polygons__ayt_plots_dissolved,2450.398858,12876565.81,2450.398858,12876565.81,0.05277858,0.007282576,-0.027076919,0.00064374,0.26718197,0.014511386,0.078956307,0.072722209,0.917972976,0.075298591,95,14424.14373
91,44444,AYT Trial,,7-04 ayt plot files — ayttrialdata_rows_polygons__ayt_plots_dissolved,D:/Drone Imagery/2025 summer/20250704/shapefiles/7-04 ayt plot files.gpkg|layername=ayttrialdata_rows_polygons__ayt_plots_dissolved,648.8726665,2018685.976,648.8726665,2018685.976,0.012283851,0.014930489,-0.031709105,0.003228056,0.202735852,0.00781484,0,0,0,0,0,13824.34533
92,55555,AYT Trial,,7-04 ayt plot files — ayttrialdata_rows_polygons__ayt_plots_dissolved,D:/Drone Imagery/2025 summer/20250704/shapefiles/7-04 ayt plot files.gpkg|layername=ayttrialdata_rows_polygons__ayt_plots_dissolved,1959.174405,19869229.66,1959.174405,19869229.66,0.016572987,0.047736832,-0.012338017,0.009938947,0.248058997,0.041309742,0.101925255,0.091536497,0,0,0,13599.70805
93,101,PYT Trial,,PYT plots,D:/Drone Imagery/2025 summer/20250704/shapefiles/7-04 reg plot polygons.gpkg|layername=pyt_trial_data_rows_polygons__pyt_trial_data_row_polygons,1432.996783,4291568.38,1432.996783,4291568.38,0.034834252,0.004238335,-0.050826302,0.000832239,0.224856918,0.006421423,0.023442733,0.022893171,0.926814974,0.067828978,71,14510.71277
94,102,PYT Trial,,PYT plots,D:/Drone Imagery/2025 summer/20250704/shapefiles/7-04 reg plot polygons.gpkg|layername=pyt_trial_data_rows_polygons__pyt_trial_data_row_polygons,1213.000574,2583685.715,1213.000574,2583685.715,0.038531979,0.002674985,-0.045329082,0.000558709,0.226023566,0.00381212,0.013048834,0.012878562,0.902107605,0.088309474,65,15694.48164
95,103,PYT Trial,,PYT plots,D:/Drone Imagery/2025 summer/20250704/shapefiles/7-04 reg plot polygons.gpkg|layername=pyt_trial_data_rows_polygons__pyt_trial_data_row_polygons,1309.001627,3644679.539,1309.001627,3644679.539,0.047569624,0.00275717,-0.038892888,0.000468845,0.241018341,0.004597824,0.020130375,0.019725143,0.897159261,0.092264522,80,15579.6972
96,104,PYT Trial,,PYT plots,D:/Drone Imagery/2025 summer/20250704/shapefiles/7-04 reg plot polygons.gpkg|layername=pyt_trial_data_rows_polygons__pyt_trial_data_row_polygons,1217.483531,2646653.406,1217.483531,2646653.406,0.056127619,0.002067454,-0.031362856,0.000534698,0.248959412,0.002970942,0.01270183,0.012540493,0.91473202,0.077997352,69,15370.52522
97,105,PYT Trial,,PYT plots,D:/Drone Imagery/2025 summer/20250704/shapefiles/7-04 reg plot polygons.gpkg|layername=pyt_trial_data_rows_polygons__pyt_trial_data_row_polygons,999.5834888,1672752.367,999.5834888,1672752.367,0.062619907,0.002676036,-0.026459621,0.000737388,0.254689085,0.002962415,0.011540853,0.011407662,0.884100614,0.102466719,64,14939.13701
98,106,PYT Trial,,PYT plots,D:/Drone Imagery/2025 summer/20250704/shapefiles/7-04 reg plot polygons.gpkg|layername=pyt_trial_data_rows_polygons__pyt_trial_data_row_polygons,1201.21368,2777635.842,1201.21368,2777635.842,0.090936381,0.003631123,-0.017164209,0.000971552,0.278489477,0.004679964,0.024342121,0.023749582,0.913286612,0.079194177,68,13446.3812
99,107,PYT Trial,,PYT plots,D:/Drone Imagery/2025 summer/20250704/shapefiles/7-04 reg plot polygons.gpkg|layername=pyt_trial_data_rows_polygons__pyt_trial_data_row_polygons,1511.41238,2143528.979,1511.41238,2143528.979,0.07902707,0.003245832,-0.021797247,0.000736827,0.275596862,0.00418152,0.017573038,0.017264227,0.914055852,0.078557751,66,14923.88157
100,108,PYT Trial,,PYT plots,D:/Drone Imagery/2025 summer/20250704/shapefiles/7-04 reg plot polygons.gpkg|layername=pyt_trial_data_rows_polygons__pyt_trial_data_row_polygons,1904.467657,2589810.089,1904.467657,2589810.089,0.070461215,0.002667133,-0.023529078,0.000573702,0.274527103,0.003394394,0.015728912,0.015481514,0.925193743,0.069210281,58,15671.64531
101,109,PYT Trial,,PYT plots,D:/Drone Imagery/2025 summer/20250704/shapefiles/7-04 reg plot polygons.gpkg|layername=pyt_trial_data_rows_polygons__pyt_trial_data_row_polygons,1928.974802,3203697.153,1928.974802,3203697.153,0.070399632,0.003535814,-0.024713475,0.000858216,0.269082162,0.004107948,0.020653448,0.020226883,0.898609135,0.091110758,67,16156.50385
102,110,PYT Trial,,PYT plots,D:/Drone Imagery/2025 summer/20250704/shapefiles/7-04 reg plot polygons.gpkg|layername=pyt_trial_data_rows_polygons__pyt_trial_data_row_polygons,1932.698043,3184482.61,1932.698043,3184482.61,0.055397334,0.003114751,-0.035128651,0.000786877,0.255440609,0.00424303,0.020306633,0.019894273,0.894430292,0.094424745,61,16775.96144
103,111,PYT Trial,,PYT plots,D:/Drone Imagery/2025 summer/20250704/shapefiles/7-04 reg plot polygons.gpkg|layername=pyt_trial_data_rows_polygons__pyt_trial_data_row_polygons,1619.058335,1288070.209,1619.058335,1288070.209,0.047861349,0.002329337,-0.036622708,0.000645878,0.238416667,0.002493248,0.008494367,0.008422213,0.863654514,0.117755394,59,16600.91699
104,112,PYT Trial,,PYT plots,D:/Drone Imagery/2025 summer/20250704/shapefiles/7-04 reg plot polygons.gpkg|layername=pyt_trial_data_rows_polygons__pyt_trial_data_row_polygons,1850.152402,4086173.855,1850.152402,4086173.855,0.047733198,0.002201194,-0.03636364,0.000579347,0.234979797,0.003758867,0.014244945,0.014042027,0.858569736,0.121427745,75,16544.08444
105,201,PYT Trial,,PYT plots,D:/Drone Imagery/2025 summer/20250704/shapefiles/7-04 reg plot polygons.gpkg|layername=pyt_trial_data_rows_polygons__pyt_trial_data_row_polygons,1618.278883,3130545.893,1618.278883,3130545.893,0.048069435,0.003589361,-0.043220694,0.000877411,0.222843475,0.004006613,0.009485079,0.009395112,0.865675569,0.116281378,56,14393.94446
106,202,PYT Trial,,PYT plots,D:/Drone Imagery/2025 summer/20250704/shapefiles/7-04 reg plot polygons.gpkg|layername=pyt_trial_data_rows_polygons__pyt_trial_data_row_polygons,1618.441545,4844284.035,1618.441545,4844284.035,0.049316944,0.003332927,-0.041212636,0.000724217,0.228179844,0.004482534,0.01283324,0.012668548,0.875741485,0.108818337,66,15592.45304
107,203,PYT Trial,,PYT plots,D:/Drone Imagery/2025 summer/20250704/shapefiles/7-04 reg plot polygons.gpkg|layername=pyt_trial_data_rows_polygons__pyt_trial_data_row_polygons,1464.797658,3251848.118,1464.797658,3251848.118,0.048745975,0.002110947,-0.03697947,0.000556701,0.234253565,0.003014549,0.010026277,0.00992575,0.858324352,0.121603658,60,15306.07156
108,204,PYT Trial,,PYT plots,D:/Drone Imagery/2025 summer/20250704/shapefiles/7-04 reg plot polygons.gpkg|layername=pyt_trial_data_rows_polygons__pyt_trial_data_row_polygons,1259.100336,1573755.647,1259.100336,1573755.647,0.048687374,0.002205787,-0.034998807,0.000603881,0.236701632,0.002637021,0.009459573,0.009370089,0.853413222,0.125099094,71,15458.52502
109,205,PYT Trial,,PYT plots,D:/Drone Imagery/2025 summer/20250704/shapefiles/7-04 reg plot polygons.gpkg|layername=pyt_trial_data_rows_polygons__pyt_trial_data_row_polygons,1294.374374,5558213.808,1294.374374,5558213.808,0.078786535,0.003473156,-0.02296368,0.000888081,0.273068753,0.005708269,0.031028953,0.030066157,0.913339135,0.07915076,76,13538.13231
110,206,PYT Trial,,PYT plots,D:/Drone Imagery/2025 summer/20250704/shapefiles/7-04 reg plot polygons.gpkg|layername=pyt_trial_data_rows_polygons__pyt_trial_data_row_polygons,1336.507791,2465476.909,1336.507791,2465476.909,0.083263514,0.003750297,-0.019749013,0.001024396,0.273641012,0.004602805,0.022543263,0.022035064,0.812117298,0.152582792,68,13938.85828
111,207,PYT Trial,,PYT plots,D:/Drone Imagery/2025 summer/20250704/shapefiles/7-04 reg plot polygons.gpkg|layername=pyt_trial_data_rows_polygons__pyt_trial_data_row_polygons,1830.973937,2519731.31,1830.973937,2519731.31,0.072527685,0.002822101,-0.024184203,0.000580116,0.271705629,0.004109275,0.019998787,0.019598836,0.838378326,0.135500109,70,15047.17145
112,208,PYT Trial,,PYT plots,D:/Drone Imagery/2025 summer/20250704/shapefiles/7-04 reg plot polygons.gpkg|layername=pyt_trial_data_rows_polygons__pyt_trial_data_row_polygons,2387.298932,2355766.883,2387.298932,2355766.883,0.05854203,0.002340638,-0.029588172,0.000450354,0.258155813,0.003290353,0.015766673,0.015518085,0.874946613,0.109415037,53,17150.64654
113,209,PYT Trial,,PYT plots,D:/Drone Imagery/2025 summer/20250704/shapefiles/7-04 reg plot polygons.gpkg|layername=pyt_trial_data_rows_polygons__pyt_trial_data_row_polygons,2421.108276,1403836.55,2421.108276,1403836.55,0.061297396,0.002870496,-0.029411666,0.000730451,0.253395798,0.002826581,0.012102368,0.011955901,0.878134529,0.107014278,59,17528.77989
114,210,PYT Trial,,PYT plots,D:/Drone Imagery/2025 summer/20250704/shapefiles/7-04 reg plot polygons.gpkg|layername=pyt_trial_data_rows_polygons__pyt_trial_data_row_polygons,2647.752757,1936011.477,2647.752757,1936011.477,0.046607352,0.002124339,-0.043276091,0.000517886,0.238348204,0.003064436,0.013259557,0.013083741,0.912175447,0.080111401,51,18531.8516
115,211,PYT Trial,,PYT plots,D:/Drone Imagery/2025 summer/20250704/shapefiles/7-04 reg plot polygons.gpkg|layername=pyt_trial_data_rows_polygons__pyt_trial_data_row_polygons,2217.272075,1433344.145,2217.272075,1433344.145,0.05190143,0.001872444,-0.039021204,0.000582686,0.235952188,0.00200433,0.006328179,0.006288133,0.90410824,0.08669653,61,17525.06954
116,212,PYT Trial,,PYT plots,D:/Drone Imagery/2025 summer/20250704/shapefiles/7-04 reg plot polygons.gpkg|layername=pyt_trial_data_rows_polygons__pyt_trial_data_row_polygons,2250.887652,2803638.279,2250.887652,2803638.279,0.061380784,0.003472929,-0.034107556,0.000674708,0.245868741,0.005151779,0.024711145,0.024100504,0.902723456,0.087813818,81,16669.9489
117,301,PYT Trial,,PYT plots,D:/Drone Imagery/2025 summer/20250704/shapefiles/7-04 reg plot polygons.gpkg|layername=pyt_trial_data_rows_polygons__pyt_trial_data_row_polygons,2097.061932,6312095.606,2097.061932,6312095.606,0.026494767,0.002864069,-0.052354309,0.000494648,0.20041623,0.005355033,0.019667426,0.019280619,0.911347218,0.080793466,56,17781.08445
118,302,PYT Trial,,PYT plots,D:/Drone Imagery/2025 summer/20250704/shapefiles/7-04 reg plot polygons.gpkg|layername=pyt_trial_data_rows_polygons__pyt_trial_data_row_polygons,1948.714142,8237876.989,1948.714142,8237876.989,0.041902455,0.002535113,-0.045893206,0.000424499,0.218064195,0.00582079,0.025232594,0.02459591,0.874466329,0.109774968,49,17360.93536
119,303,PYT Trial,,PYT plots,D:/Drone Imagery/2025 summer/20250704/shapefiles/7-04 reg plot polygons.gpkg|layername=pyt_trial_data_rows_polygons__pyt_trial_data_row_polygons,1832.801739,6080799.384,1832.801739,6080799.384,0.054031014,0.002759402,-0.037783874,0.000507226,0.234954438,0.005645826,0.025920433,0.025248564,0.802109745,0.158729702,44,16352.38307
120,304,PYT Trial,,PYT plots,D:/Drone Imagery/2025 summer/20250704/shapefiles/7-04 reg plot polygons.gpkg|layername=pyt_trial_data_rows_polygons__pyt_trial_data_row_polygons,1837.486194,8073717.025,1837.486194,8073717.025,0.050057772,0.002744338,-0.038408502,0.000554326,0.240913094,0.006264806,0.031008215,0.030046706,0.871585745,0.111924034,57,16309.72323
121,305,PYT Trial,,PYT plots,D:/Drone Imagery/2025 summer/20250704/shapefiles/7-04 reg plot polygons.gpkg|layername=pyt_trial_data_rows_polygons__pyt_trial_data_row_polygons,1782.008275,7683218.097,1782.008275,7683218.097,0.06672957,0.003239063,-0.03285214,0.000547535,0.258172051,0.006617219,0.035492628,0.034232901,0.840221967,0.134249013,67,16175.70704
122,306,PYT Trial,,PYT plots,D:/Drone Imagery/2025 summer/20250704/shapefiles/7-04 reg plot polygons.gpkg|layername=pyt_trial_data_rows_polygons__pyt_trial_data_row_polygons,1680.167859,3828840.148,1680.167859,3828840.148,0.073386021,0.003431484,-0.023814665,0.000764957,0.261515909,0.004951678,0.025213501,0.024577781,0.82259164,0.145934634,50,15243.34706
123,307,PYT Trial,,PYT plots,D:/Drone Imagery/2025 summer/20250704/shapefiles/7-04 reg plot polygons.gpkg|layername=pyt_trial_data_rows_polygons__pyt_trial_data_row_polygons,2152.350629,2618835.068,2152.350629,2618835.068,0.060376784,0.003177637,-0.030073971,0.000533683,0.253955477,0.004757549,0.022773213,0.022254594,0.914086141,0.078532668,61,16962.2416
124,308,PYT Trial,,PYT plots,D:/Drone Imagery/2025 summer/20250704/shapefiles/7-04 reg plot polygons.gpkg|layername=pyt_trial_data_rows_polygons__pyt_trial_data_row_polygons,3358.512067,5211616.492,3358.512067,5211616.492,0.051387106,0.002969501,-0.036610716,0.000498265,0.245183205,0.005839507,0.02903681,0.028193674,0.913201545,0.079264483,56,18782.79131
125,309,PYT Trial,,PYT plots,D:/Drone Imagery/2025 summer/20250704/shapefiles/7-04 reg plot polygons.gpkg|layername=pyt_trial_data_rows_polygons__pyt_trial_data_row_polygons,2873.704559,1060532.308,2873.704559,1060532.308,0.060806118,0.002574515,-0.0286001,0.000736519,0.241319754,0.002263614,0.006266893,0.006227619,0.894023657,0.094745358,50,18062.14153
126,310,PYT Trial,,PYT plots,D:/Drone Imagery/2025 summer/20250704/shapefiles/7-04 reg plot polygons.gpkg|layername=pyt_trial_data_rows_polygons__pyt_trial_data_row_polygons,3177.644917,3133113.825,3177.644917,3133113.825,0.052566791,0.002549457,-0.036368485,0.000696659,0.23314331,0.003128703,0.011911453,0.011769571,0.846436259,0.129981918,50,19345.11732
127,311,PYT Trial,,PYT plots,D:/Drone Imagery/2025 summer/20250704/shapefiles/7-04 reg plot polygons.gpkg|layername=pyt_trial_data_rows_polygons__pyt_trial_data_row_polygons,3151.544995,4834863.143,3151.544995,4834863.143,0.069550464,0.002904567,-0.02922839,0.000647209,0.245801418,0.004544598,0.020286699,0.019875149,0.858264383,0.121646632,63,18546.85146
128,312,PYT Trial,,PYT plots,D:/Drone Imagery/2025 summer/20250704/shapefiles/7-04 reg plot polygons.gpkg|layername=pyt_trial_data_rows_polygons__pyt_trial_data_row_polygons,3095.244432,7133590.087,3095.244432,7133590.087,0.076546971,0.003039238,-0.024043681,0.000664395,0.255078055,0.005832737,0.029254874,0.028399026,0.849898944,0.127570729,76,17215.24144
129,401,PYT Trial,,PYT plots,D:/Drone Imagery/2025 summer/20250704/shapefiles/7-04 reg plot polygons.gpkg|layername=pyt_trial_data_rows_polygons__pyt_trial_data_row_polygons,2070.020799,5998787.645,2070.020799,5998787.645,0.022707519,0.002165547,-0.055208438,0.000439725,0.204413277,0.00451841,0.017067132,0.016775845,0.932761652,0.062717353,62,18202.02347
130,402,PYT Trial,,PYT plots,D:/Drone Imagery/2025 summer/20250704/shapefiles/7-04 reg plot polygons.gpkg|layername=pyt_trial_data_rows_polygons__pyt_trial_data_row_polygons,2064.621974,7842827.009,2064.621974,7842827.009,0.04170617,0.002327063,-0.047861487,0.000425904,0.223865165,0.005643157,0.025447898,0.024800302,0.880884772,0.10492679,46,17839.13381
131,403,PYT Trial,,PYT plots,D:/Drone Imagery/2025 summer/20250704/shapefiles/7-04 reg plot polygons.gpkg|layername=pyt_trial_data_rows_polygons__pyt_trial_data_row_polygons,1967.096465,5816674.459,1967.096465,5816674.459,0.055085807,0.002539804,-0.039760944,0.00036706,0.241111108,0.006019117,0.030867298,0.029914508,0.873161281,0.110750658,59,16924.2174
132,404,PYT Trial,,PYT plots,D:/Drone Imagery/2025 summer/20250704/shapefiles/7-04 reg plot polygons.gpkg|layername=pyt_trial_data_rows_polygons__pyt_trial_data_row_polygons,1997.93097,7263510.559,1997.93097,7263510.559,0.064551496,0.002952309,-0.031777049,0.000639218,0.251783347,0.006027587,0.029169059,0.028318225,0.884825582,0.101909271,54,15871.19584
133,405,PYT Trial,,PYT plots,D:/Drone Imagery/2025 summer/20250704/shapefiles/7-04 reg plot polygons.gpkg|layername=pyt_trial_data_rows_polygons__pyt_trial_data_row_polygons,1843.567885,2451709.126,1843.567885,2451709.126,0.056833422,0.002273323,-0.037421514,0.000533162,0.24390593,0.003304102,0.014482354,0.014272616,0.8137677,0.15154983,67,17457.04068
134,406,PYT Trial,,PYT plots,D:/Drone Imagery/2025 summer/20250704/shapefiles/7-04 reg plot polygons.gpkg|layername=pyt_trial_data_rows_polygons__pyt_trial_data_row_polygons,2213.341113,7097753.264,2213.341113,7097753.264,0.063594415,0.002971711,-0.032695391,0.000740516,0.253800703,0.004972339,0.023588669,0.023032244,0.886697173,0.100465296,62,16800.14042
135,407,PYT Trial,,PYT plots,D:/Drone Imagery/2025 summer/20250704/shapefiles/7-04 reg plot polygons.gpkg|layername=pyt_trial_data_rows_polygons__pyt_trial_data_row_polygons,2931.288269,7481376.62,2931.288269,7481376.62,0.056030458,0.003429514,-0.036407826,0.000550652,0.250377378,0.006579642,0.030641168,0.029702287,0.876112227,0.108539592,70,18381.58986
136,408,PYT Trial,,PYT plots,D:/Drone Imagery/2025 summer/20250704/shapefiles/7-04 reg plot polygons.gpkg|layername=pyt_trial_data_rows_polygons__pyt_trial_data_row_polygons,3156.385192,3134148.834,3156.385192,3134148.834,0.057427746,0.00232791,-0.034474292,0.000545449,0.243076328,0.003331222,0.014004118,0.013808003,0.918262168,0.075056759,63,18894.54747
137,409,PYT Trial,,PYT plots,D:/Drone Imagery/2025 summer/20250704/shapefiles/7-04 reg plot polygons.gpkg|layername=pyt_trial_data_rows_polygons__pyt_trial_data_row_polygons,3476.748281,3529570.361,3476.748281,3529570.361,0.05077473,0.00288759,-0.035480497,0.000715771,0.237427429,0.004103826,0.016375402,0.016107248,0.914039326,0.078571436,54,19123.25366
138,410,PYT Trial,,PYT plots,D:/Drone Imagery/2025 summer/20250704/shapefiles/7-04 reg plot polygons.gpkg|layername=pyt_trial_data_rows_polygons__pyt_trial_data_row_polygons,3146.229951,1950747.805,3146.229951,1950747.805,0.052850584,0.002401215,-0.034574064,0.000756231,0.231562548,0.002196164,0.006087861,0.006050799,0.754814939,0.185069347,29,19040.37403
139,411,PYT Trial,,PYT plots,D:/Drone Imagery/2025 summer/20250704/shapefiles/7-04 reg plot polygons.gpkg|layername=pyt_trial_data_rows_polygons__pyt_trial_data_row_polygons,3428.409619,3914639.518,3428.409619,3914639.518,0.051716918,0.002836065,-0.0348072,0.000711543,0.228569042,0.003775132,0.014432328,0.014224036,0.777585909,0.172946063,44,19542.88244
140,412,PYT Trial,,PYT plots,D:/Drone Imagery/2025 summer/20250704/shapefiles/7-04 reg plot polygons.gpkg|layername=pyt_trial_data_rows_polygons__pyt_trial_data_row_polygons,3669.984607,6770798.346,3669.984607,6770798.346,0.053262111,0.003127791,-0.033416743,0.000670523,0.233454204,0.00607791,0.025475117,0.024826135,0.873817525,0.110260458,68,18798.97322
141,501,PYT Trial,,PYT plots,D:/Drone Imagery/2025 summer/20250704/shapefiles/7-04 reg plot polygons.gpkg|layername=pyt_trial_data_rows_polygons__pyt_trial_data_row_polygons,2185.762125,8043526.173,2185.762125,8043526.173,0.035479867,0.002533653,-0.047845948,0.000449948,0.223391147,0.006323846,0.028178111,0.027384105,0.907472075,0.083966508,52,18209.95523
142,502,PYT Trial,,PYT plots,D:/Drone Imagery/2025 summer/20250704/shapefiles/7-04 reg plot polygons.gpkg|layername=pyt_trial_data_rows_polygons__pyt_trial_data_row_polygons,1965.69602,8128107.041,1965.69602,8128107.041,0.047216386,0.002335173,-0.041324716,0.000371945,0.23834602,0.005965878,0.029480709,0.028611597,0.897447857,0.092035201,58,17587.52225
143,503,PYT Trial,,PYT plots,D:/Drone Imagery/2025 summer/20250704/shapefiles/7-04 reg plot polygons.gpkg|layername=pyt_trial_data_rows_polygons__pyt_trial_data_row_polygons,1966.965412,5682851.119,1966.965412,5682851.119,0.051399969,0.002148944,-0.036392828,0.000343355,0.247271028,0.005077992,0.026239939,0.025551404,0.871738143,0.111810753,56,17348.63675
144,504,PYT Trial,,PYT plots,D:/Drone Imagery/2025 summer/20250704/shapefiles/7-04 reg plot polygons.gpkg|layername=pyt_trial_data_rows_polygons__pyt_trial_data_row_polygons,1871.851078,7431493.803,1871.851078,7431493.803,0.063715269,0.002943482,-0.028000859,0.000692799,0.258910359,0.005614099,0.029684024,0.028802883,0.861248311,0.119499658,52,16100.09059
145,505,PYT Trial,,PYT plots,D:/Drone Imagery/2025 summer/20250704/shapefiles/7-04 reg plot polygons.gpkg|layername=pyt_trial_data_rows_polygons__pyt_trial_data_row_polygons,1973.107705,6064989.94,1973.107705,6064989.94,0.055728887,0.00240465,-0.033415558,0.00058713,0.254103459,0.004511262,0.023679395,0.023118682,0.832723358,0.139295167,57,17200.15067
146,506,PYT Trial,,PYT plots,D:/Drone Imagery/2025 summer/20250704/shapefiles/7-04 reg plot polygons.gpkg|layername=pyt_trial_data_rows_polygons__pyt_trial_data_row_polygons,2091.645798,2635464.036,2091.645798,2635464.036,0.057744774,0.002675849,-0.03233652,0.000682796,0.250828633,0.003177317,0.013622695,0.013437117,0.898821313,0.09094156,67,16984.27696
147,507,PYT Trial,,PYT plots,D:/Drone Imagery/2025 summer/20250704/shapefiles/7-04 reg plot polygons.gpkg|layername=pyt_trial_data_rows_polygons__pyt_trial_data_row_polygons,2918.512942,5014873.006,2918.512942,5014873.006,0.052603077,0.00301592,-0.039284219,0.000479327,0.248855903,0.005431913,0.026289979,0.025598816,0.86560863,0.11633033,55,18726.41193
148,508,PYT Trial,,PYT plots,D:/Drone Imagery/2025 summer/20250704/shapefiles/7-04 reg plot polygons.gpkg|layername=pyt_trial_data_rows_polygons__pyt_trial_data_row_polygons,3405.703014,4430705.38,3405.703014,4430705.38,0.061384478,0.002496275,-0.036431825,0.000482237,0.251137093,0.004627512,0.024207631,0.023621621,0.92525354,0.069159427,65,18806.92749
149,509,PYT Trial,,PYT plots,D:/Drone Imagery/2025 summer/20250704/shapefiles/7-04 reg plot polygons.gpkg|layername=pyt_trial_data_rows_polygons__pyt_trial_data_row_polygons,3518.588524,4135655.139,3518.588524,4135655.139,0.052662026,0.002806569,-0.040068557,0.000649057,0.240597562,0.004587991,0.021878252,0.021399594,0.945089643,0.051895209,63,19414.42459
150,510,PYT Trial,,PYT plots,D:/Drone Imagery/2025 summer/20250704/shapefiles/7-04 reg plot polygons.gpkg|layername=pyt_trial_data_rows_polygons__pyt_trial_data_row_polygons,3090.842549,2306334.374,3090.842549,2306334.374,0.05664943,0.002649575,-0.036859245,0.000819195,0.236030111,0.003045197,0.010704845,0.010590252,0.78155874,0.170724676,45,19120.62656
151,511,PYT Trial,,PYT plots,D:/Drone Imagery/2025 summer/20250704/shapefiles/7-04 reg plot polygons.gpkg|layername=pyt_trial_data_rows_polygons__pyt_trial_data_row_polygons,3255.38889,2788613.61,3255.38889,2788613.61,0.055862873,0.002244819,-0.03874642,0.000668243,0.226540954,0.002616194,0.008234787,0.008166975,0.720099101,0.201556386,27,19473.77538
152,512,PYT Trial,,PYT plots,D:/Drone Imagery/2025 summer/20250704/shapefiles/7-04 reg plot polygons.gpkg|layername=pyt_trial_data_rows_polygons__pyt_trial_data_row_polygons,3745.055918,2246909.704,3745.055918,2246909.704,0.036293147,0.001870783,-0.043207983,0.000482142,0.210847461,0.002897727,0.007511602,0.007455178,0.844008277,0.131658305,64,20288.48291
153,601,PYT Trial,,PYT plots,D:/Drone Imagery/2025 summer/20250704/shapefiles/7-04 reg plot polygons.gpkg|layername=pyt_trial_data_rows_polygons__pyt_trial_data_row_polygons,1849.305603,2567588.53,1849.305603,2567588.53,0.033997491,0.002330649,-0.041324147,0.000376297,0.221257114,0.004328504,0.017365305,0.017063751,0.95265147,0.045106647,84,17973.25643
154,602,PYT Trial,,PYT plots,D:/Drone Imagery/2025 summer/20250704/shapefiles/7-04 reg plot polygons.gpkg|layername=pyt_trial_data_rows_polygons__pyt_trial_data_row_polygons,1644.91251,2832017.33,1644.91251,2832017.33,0.043967841,0.001758005,-0.03416408,0.000365758,0.232623085,0.003080388,0.011685205,0.011548661,0.835496023,0.137442418,75,17750.86956
155,603,PYT Trial,,PYT plots,D:/Drone Imagery/2025 summer/20250704/shapefiles/7-04 reg plot polygons.gpkg|layername=pyt_trial_data_rows_polygons__pyt_trial_data_row_polygons,1642.95011,3228888.048,1642.95011,3228888.048,0.047836929,0.001636393,-0.033425373,0.000366633,0.239484982,0.003175494,0.014150041,0.013949817,0.851859825,0.126194663,71,17605.7619
156,604,PYT Trial,,PYT plots,D:/Drone Imagery/2025 summer/20250704/shapefiles/7-04 reg plot polygons.gpkg|layername=pyt_trial_data_rows_polygons__pyt_trial_data_row_polygons,1590.416013,4875583.324,1590.416013,4875583.324,0.065155055,0.003029354,-0.026232904,0.000690503,0.257699423,0.005205272,0.027545211,0.026786472,0.872042676,0.111584247,82,16569.30845
157,605,PYT Trial,,PYT plots,D:/Drone Imagery/2025 summer/20250704/shapefiles/7-04 reg plot polygons.gpkg|layername=pyt_trial_data_rows_polygons__pyt_trial_data_row_polygons,1813.181327,10780069.23,1813.181327,10780069.23,0.062733698,0.003185516,-0.030748151,0.000642231,0.259454276,0.006984682,0.034825454,0.033612642,0.864153381,0.117392315,88,16917.94723
158,606,PYT Trial,,PYT plots,D:/Drone Imagery/2025 summer/20250704/shapefiles/7-04 reg plot polygons.gpkg|layername=pyt_trial_data_rows_polygons__pyt_trial_data_row_polygons,1681.844465,1352797.728,1681.844465,1352797.728,0.059542594,0.003142129,-0.028109939,0.000776999,0.249155212,0.003179748,0.012114182,0.011967428,0.928637206,0.066270145,56,16619.40487
159,607,PYT Trial,,PYT plots,D:/Drone Imagery/2025 summer/20250704/shapefiles/7-04 reg plot polygons.gpkg|layername=pyt_trial_data_rows_polygons__pyt_trial_data_row_polygons,2291.692586,2529660.597,2291.692586,2529660.597,0.055337965,0.00237293,-0.034494245,0.000474863,0.245883752,0.003625832,0.016299928,0.016034241,0.849085712,0.128139166,60,18144.72508
160,608,PYT Trial,,PYT plots,D:/Drone Imagery/2025 summer/20250704/shapefiles/7-04 reg plot polygons.gpkg|layername=pyt_trial_data_rows_polygons__pyt_trial_data_row_polygons,3163.892264,5118406.933,3163.892264,5118406.933,0.054325291,0.002276221,-0.036784548,0.000474384,0.245203108,0.004685334,0.022795771,0.022276124,0.933503163,0.062075007,69,18655.40636
161,609,PYT Trial,,PYT plots,D:/Drone Imagery/2025 summer/20250704/shapefiles/7-04 reg plot polygons.gpkg|layername=pyt_trial_data_rows_polygons__pyt_trial_data_row_polygons,2929.187435,3558652.478,2929.187435,3558652.478,0.04839858,0.002436516,-0.037978012,0.000696746,0.232005655,0.003328516,0.013526605,0.013343636,0.880053102,0.105559639,50,18750.81398
162,610,PYT Trial,,PYT plots,D:/Drone Imagery/2025 summer/20250704/shapefiles/7-04 reg plot polygons.gpkg|layername=pyt_trial_data_rows_polygons__pyt_trial_data_row_polygons,3153.62992,5166972.905,3153.62992,5166972.905,0.053951497,0.002996675,-0.037759143,0.000756254,0.231746813,0.004873421,0.021340804,0.020885374,0.884974691,0.101794487,61,19017.37435
163,611,PYT Trial,,PYT plots,D:/Drone Imagery/2025 summer/20250704/shapefiles/7-04 reg plot polygons.gpkg|layername=pyt_trial_data_rows_polygons__pyt_trial_data_row_polygons,2866.326544,3391860.533,2866.326544,3391860.533,0.054556402,0.001848503,-0.036178628,0.000556403,0.225461948,0.002429133,0.007845482,0.007783931,0.439984691,0.246398163,23,19176.73839
164,612,PYT Trial,,PYT plots,D:/Drone Imagery/2025 summer/20250704/shapefiles/7-04 reg plot polygons.gpkg|layername=pyt_trial_data_rows_polygons__pyt_trial_data_row_polygons,3177.906049,5281778.086,3177.906049,5281778.086,0.052814919,0.002316753,-0.031813119,0.000544817,0.231369601,0.004286409,0.016999004,0.016710037,0.835816416,0.137227335,61,18499.93918
165,,PYT Trial,,PYT plots,D:/Drone Imagery/2025 summer/20250704/shapefiles/7-04 reg plot polygons.gpkg|layername=pyt_trial_data_rows_polygons__pyt_trial_data_row_polygons,1392.565288,321273.5221,1392.565288,321273.5221,0.028927717,0.001540259,-0.035423331,0.000459271,0.213663493,0.000949463,0,0,0,0,0,15695.55261
166,,PYT Trial,,PYT plots,D:/Drone Imagery/2025 summer/20250704/shapefiles/7-04 reg plot polygons.gpkg|layername=pyt_trial_data_rows_polygons__pyt_trial_data_row_polygons,150.5351716,2443874.357,150.5351716,2443874.357,-0.048769832,0.044632959,-0.025160478,0.012115284,0.182910083,0.029187201,0.020821609,0.02038807,0,0,0,14434.94069
167,801,Registration,,Registration Plots,D:/Drone Imagery/2025 summer/20250704/shapefiles/7-04 reg plot files.gpkg|layername=registrationtrialdatarows,3354.634598,13968108.98,3354.634598,13968108.98,0.083563806,0.007613867,-0.029225603,0.000611248,0.284702475,0.016365323,0.094161125,0.085294808,0.889457633,0.098322752,94,15435.99492
168,802,Registration,,Registration Plots,D:/Drone Imagery/2025 summer/20250704/shapefiles/7-04 reg plot files.gpkg|layername=registrationtrialdatarows,2657.1947,5470673.904,2657.1947,5470673.904,0.061499673,0.006579158,-0.034845118,0.000534025,0.256827071,0.011565342,0.061441621,0.057666549,0.949220066,0.048201332,95,16329.08768
169,803,Registration,,Registration Plots,D:/Drone Imagery/2025 summer/20250704/shapefiles/7-04 reg plot files.gpkg|layername=registrationtrialdatarows,3868.089568,36044716.4,3868.089568,36044716.4,0.072998388,0.006918292,-0.028931945,0.000827161,0.281347191,0.019645798,0.115294833,0.102001934,0.867885759,0.114660069,71,15597.97411
170,804,Registration,,Registration Plots,D:/Drone Imagery/2025 summer/20250704/shapefiles/7-04 reg plot files.gpkg|layername=registrationtrialdatarows,4464.741874,39331353.11,4464.741874,39331353.11,0.084514658,0.009188135,-0.024470962,0.001074085,0.299448125,0.026731796,0.155788644,0.131518543,0.912997812,0.079432807,78,15153.21759
171,805,Registration,,Registration Plots,D:/Drone Imagery/2025 summer/20250704/shapefiles/7-04 reg plot files.gpkg|layername=registrationtrialdatarows,3750.256096,39252673.95,3750.256096,39252673.95,0.079395428,0.007503804,-0.020915213,0.000873269,0.284297073,0.02257632,0.120893819,0.106278504,0.892602545,0.095863242,93,15019.23934
172,806,Registration,,Registration Plots,D:/Drone Imagery/2025 summer/20250704/shapefiles/7-04 reg plot files.gpkg|layername=registrationtrialdatarows,3693.754179,61294953.41,3693.754179,61294953.41,0.082331305,0.005737538,-0.022710917,0.000795886,0.287324171,0.021795455,0.124334611,0.108875515,0.960633484,0.037816793,105,14261.40629
173,807,Registration,,Registration Plots,D:/Drone Imagery/2025 summer/20250704/shapefiles/7-04 reg plot files.gpkg|layername=registrationtrialdatarows,3993.610984,62678483.31,3993.610984,62678483.31,0.083888806,0.00692092,-0.028549625,0.000849671,0.296593798,0.024210219,0.144620618,0.123705495,0.971253265,0.02792036,128,13462.8755
174,808,Registration,,Registration Plots,D:/Drone Imagery/2025 summer/20250704/shapefiles/7-04 reg plot files.gpkg|layername=registrationtrialdatarows,3373.397296,48952723.84,3373.397296,48952723.84,0.078327881,0.005933042,-0.031721948,0.000637111,0.283755944,0.0199425,0.116223635,0.102715702,0.974056462,0.025270471,136,13308.33072
175,809,Registration,,Registration Plots,D:/Drone Imagery/2025 summer/20250704/shapefiles/7-04 reg plot files.gpkg|layername=registrationtrialdatarows,2647.983316,40421430.86,2647.983316,40421430.86,0.075741601,0.004778288,-0.030390978,0.000991504,0.269417176,0.015465341,0.083752915,0.076738364,0.942532172,0.054165276,111,12937.66566
176,701,Registration,,Registration Plots,D:/Drone Imagery/2025 summer/20250704/shapefiles/7-04 reg plot files.gpkg|layername=registrationtrialdatarows,3840.958557,36938638.39,3840.958557,36938638.39,0.075398201,0.006857563,-0.031351003,0.000641373,0.281614528,0.020839948,0.117871507,0.103977815,0.923856298,0.070345839,98,15364.99413
177,702,Registration,,Registration Plots,D:/Drone Imagery/2025 summer/20250704/shapefiles/7-04 reg plot files.gpkg|layername=registrationtrialdatarows,3720.992401,37315761.64,3720.992401,37315761.64,0.06494879,0.007611369,-0.032745561,0.000671135,0.270612975,0.022727529,0.115347787,0.102042675,0.957093927,0.041065142,120,15888.1895
178,703,Registration,,Registration Plots,D:/Drone Imagery/2025 summer/20250704/shapefiles/7-04 reg plot files.gpkg|layername=registrationtrialdatarows,4188.301369,36362179.31,4188.301369,36362179.31,0.081973767,0.009049742,-0.027821861,0.000815911,0.285889719,0.025084218,0.139431962,0.11999069,0.931820945,0.063530672,149,15116.93616
179,704,Registration,,Registration Plots,D:/Drone Imagery/2025 summer/20250704/shapefiles/7-04 reg plot files.gpkg|layername=registrationtrialdatarows,5235.031737,56322413.96,5235.031737,56322413.96,0.07629975,0.008380177,-0.02959329,0.00101244,0.28572178,0.028983179,0.151113116,0.128277942,0.934882213,0.060877461,121,14766.82275
180,705,Registration,,Registration Plots,D:/Drone Imagery/2025 summer/20250704/shapefiles/7-04 reg plot files.gpkg|layername=registrationtrialdatarows,3843.900648,33911566.54,3843.900648,33911566.54,0.068064242,0.007861376,-0.029374109,0.000887194,0.2661834,0.023030129,0.119227621,0.105012395,0.949973518,0.047523833,101,15064.28042
181,706,Registration,,Registration Plots,D:/Drone Imagery/2025 summer/20250704/shapefiles/7-04 reg plot files.gpkg|layername=registrationtrialdatarows,4036.320779,58190145.99,4036.320779,58190145.99,0.07403619,0.006181557,-0.028987335,0.000804181,0.277726649,0.022966916,0.127133721,0.110970738,0.879274904,0.106150547,60,13920.00271
182,707,Registration,,Registration Plots,D:/Drone Imagery/2025 summer/20250704/shapefiles/7-04 reg plot files.gpkg|layername=registrationtrialdatarows,4038.146771,64785677.4,4038.146771,64785677.4,0.068446182,0.005858655,-0.03152845,0.000774467,0.278176318,0.022782609,0.130710356,0.113625159,0.95488416,0.043080401,115,13623.80933
183,708,Registration,,Registration Plots,D:/Drone Imagery/2025 summer/20250704/shapefiles/7-04 reg plot files.gpkg|layername=registrationtrialdatarows,3671.185586,65146087.78,3671.185586,65146087.78,0.070773548,0.005186086,-0.032114652,0.000715107,0.279260905,0.021000845,0.123193749,0.108017049,0.965924527,0.032914335,106,13341.90296
184,709,Registration,,Registration Plots,D:/Drone Imagery/2025 summer/20250704/shapefiles/7-04 reg plot files.gpkg|layername=registrationtrialdatarows,1947.181271,27685833.28,1947.181271,27685833.28,0.062008758,0.003554504,-0.031047452,0.000933622,0.24454511,0.010810306,0.055002093,0.051976863,0.944376009,0.052529963,102,13689.86201
185,601,Registration,,Registration Plots,D:/Drone Imagery/2025 summer/20250704/shapefiles/7-04 reg plot files.gpkg|layername=registrationtrialdatarows,5730.440452,49596953.83,5730.440452,49596953.83,0.128106021,0.014371135,-0.017896377,0.001324365,0.340372631,0.035852569,0.239044649,0.181902305,0.975041404,0.024335665,140,13439.78912
186,602,Registration,,Registration Plots,D:/Drone Imagery/2025 summer/20250704/shapefiles/7-04 reg plot files.gpkg|layername=registrationtrialdatarows,5292.126289,54926839.76,5292.126289,54926839.76,0.098336568,0.014453803,-0.026424357,0.00090793,0.311723959,0.038550258,0.191636629,0.154912032,0.963968387,0.034733336,116,14319.80366
187,603,Registration,,Registration Plots,D:/Drone Imagery/2025 summer/20250704/shapefiles/7-04 reg plot files.gpkg|layername=registrationtrialdatarows,2824.076176,6445909.183,2824.076176,6445909.183,0.06523584,0.008792041,-0.031264539,0.000680625,0.246279355,0.01551932,0.075945811,0.070178045,0.964008018,0.034696559,111,15548.30127
188,604,Registration,,Registration Plots,D:/Drone Imagery/2025 summer/20250704/shapefiles/7-04 reg plot files.gpkg|layername=registrationtrialdatarows,3278.418433,10305343.01,3278.418433,10305343.01,0.064400496,0.010690691,-0.034482187,0.00088698,0.251245269,0.021140072,0.102192005,0.091748799,0.98929526,0.010590149,137,15603.1616
189,605,Registration,,Registration Plots,D:/Drone Imagery/2025 summer/20250704/shapefiles/7-04 reg plot files.gpkg|layername=registrationtrialdatarows,2839.933291,13876982.28,2839.933291,13876982.28,0.046774967,0.008222652,-0.036017363,0.000643237,0.231520504,0.017466572,0.074766469,0.069176444,0.935390785,0.060434864,105,15736.83662
190,606,Registration,,Registration Plots,D:/Drone Imagery/2025 summer/20250704/shapefiles/7-04 reg plot files.gpkg|layername=registrationtrialdatarows,2460.75934,13796153.46,2460.75934,13796153.46,0.063468218,0.007756689,-0.034002535,0.000743129,0.248761284,0.017391244,0.086827324,0.07928834,0.980904413,0.018730945,124,14176.84316
191,607,Registration,,Registration Plots,D:/Drone Imagery/2025 summer/20250704/shapefiles/7-04 reg plot files.gpkg|layername=registrationtrialdatarows,3242.525382,34385183.58,3242.525382,34385183.58,0.069878382,0.007797885,-0.030047347,0.00068472,0.26910114,0.022881173,0.125227659,0.109545692,0.96144867,0.037065125,123,13512.86916
192,608,Registration,,Registration Plots,D:/Drone Imagery/2025 summer/20250704/shapefiles/7-04 reg plot files.gpkg|layername=registrationtrialdatarows,1826.928685,14809864.14,1826.928685,14809864.14,0.070468731,0.00656245,-0.029441802,0.000634221,0.257551277,0.015476195,0.081354058,0.074735575,0.930607431,0.064577241,131,13616.18872
193,609,Registration,,Registration Plots,D:/Drone Imagery/2025 summer/20250704/shapefiles/7-04 reg plot files.gpkg|layername=registrationtrialdatarows,2058.173632,20920071.36,2058.173632,20920071.36,0.076284747,0.007916071,-0.028791686,0.000827129,0.263423938,0.01921742,0.100155945,0.090124732,0.917871948,0.075383035,95,13851.01238
194,501,Registration,,Registration Plots,D:/Drone Imagery/2025 summer/20250704/shapefiles/7-04 reg plot files.gpkg|layername=registrationtrialdatarows,4473.803242,37992306.7,4473.803242,37992306.7,0.097607851,0.011750942,-0.030400244,0.001088775,0.292535758,0.029676703,0.158229933,0.133193221,0.960709777,0.037746502,139,14639.53876
195,502,Registration,,Registration Plots,D:/Drone Imagery/2025 summer/20250704/shapefiles/7-04 reg plot files.gpkg|layername=registrationtrialdatarows,4286.208824,50505043.49,4286.208824,50505043.49,0.097434207,0.013511108,-0.02816683,0.000972586,0.299566384,0.033760476,0.169018338,0.14045114,0.915503848,0.077356552,102,14396.64821
196,503,Registration,,Registration Plots,D:/Drone Imagery/2025 summer/20250704/shapefiles/7-04 reg plot files.gpkg|layername=registrationtrialdatarows,4856.210967,50759490.38,4856.210967,50759490.38,0.094177726,0.013651978,-0.031124354,0.001081054,0.299462803,0.035205089,0.186167993,0.151509471,0.986390437,0.013424343,87,14087.68417
197,504,Registration,,Registration Plots,D:/Drone Imagery/2025 summer/20250704/shapefiles/7-04 reg plot files.gpkg|layername=registrationtrialdatarows,4311.791491,42550452.78,4311.791491,42550452.78,0.09132503,0.013353744,-0.030840307,0.001338118,0.297594791,0.034447451,0.179038369,0.146983632,0.963087965,0.035549537,115,13997.38099
198,505,Registration,,Registration Plots,D:/Drone Imagery/2025 summer/20250704/shapefiles/7-04 reg plot files.gpkg|layername=registrationtrialdatarows,4091.962064,42684971.88,4091.962064,42684971.88,0.06028392,0.012388283,-0.035580342,0.000874317,0.262554519,0.033957522,0.140610424,0.120839133,0.917670274,0.075551542,94,14836.1382
199,506,Registration,,Registration Plots,D:/Drone Imagery/2025 summer/20250704/shapefiles/7-04 reg plot files.gpkg|layername=registrationtrialdatarows,4936.676613,46302915.68,4936.676613,46302915.68,0.087046397,0.011492198,-0.030045459,0.00131723,0.297597728,0.031895361,0.17034025,0.141324449,0.942314133,0.054358208,134,12303.03223
200,507,Registration,,Registration Plots,D:/Drone Imagery/2025 summer/20250704/shapefiles/7-04 reg plot files.gpkg|layername=registrationtrialdatarows,5620.012839,78249360.34,5620.012839,78249360.34,0.078598623,0.011181482,-0.03386845,0.000877392,0.294473584,0.036071648,0.188692403,0.15308758,0.892864259,0.095657674,120,12375.05596
201,508,Registration,,Registration Plots,D:/Drone Imagery/2025 summer/20250704/shapefiles/7-04 reg plot files.gpkg|layername=registrationtrialdatarows,4426.742106,61703113.49,4426.742106,61703113.49,0.073106636,0.008530396,-0.032030615,0.000929322,0.278309641,0.02737165,0.142617931,0.122278057,0.892419748,0.096006741,67,12372.21104
202,509,Registration,,Registration Plots,D:/Drone Imagery/2025 summer/20250704/shapefiles/7-04 reg plot files.gpkg|layername=registrationtrialdatarows,5450.428025,79632886.73,5450.428025,79632886.73,0.114074422,0.010644867,-0.023419694,0.001305642,0.329451678,0.033707029,0.207539489,0.164466849,0.984271096,0.015481505,132,11387.85742
203,401,Registration,,Registration Plots,D:/Drone Imagery/2025 summer/20250704/shapefiles/7-04 reg plot files.gpkg|layername=registrationtrialdatarows,3942.027048,31320314.44,3942.027048,31320314.44,0.089461197,0.015926601,-0.028303836,0.001127079,0.29239043,0.032627747,0.169686366,0.140892903,0.993040435,0.006911129,156,14592.03042
204,402,Registration,,Registration Plots,D:/Drone Imagery/2025 summer/20250704/shapefiles/7-04 reg plot files.gpkg|layername=registrationtrialdatarows,4678.813217,48040171.25,4678.813217,48040171.25,0.083747631,0.015907311,-0.034420623,0.000942344,0.297255198,0.039948968,0.192220838,0.155271987,0.824756985,0.1445329,65,14066.96066
205,403,Registration,,Registration Plots,D:/Drone Imagery/2025 summer/20250704/shapefiles/7-04 reg plot files.gpkg|layername=registrationtrialdatarows,4350.52961,41643290.15,4350.52961,41643290.15,0.068891462,0.015181422,-0.039364794,0.001026498,0.270641853,0.036858529,0.160834729,0.134966919,0.860578878,0.119982873,44,14491.41074
206,404,Registration,,Registration Plots,D:/Drone Imagery/2025 summer/20250704/shapefiles/7-04 reg plot files.gpkg|layername=registrationtrialdatarows,4282.980423,32770850.24,4282.980423,32770850.24,0.067099559,0.012420649,-0.038912352,0.001260886,0.268668839,0.029626528,0.148545612,0.126479813,0.956054542,0.042014255,124,13942.28596
207,405,Registration,,Registration Plots,D:/Drone Imagery/2025 summer/20250704/shapefiles/7-04 reg plot files.gpkg|layername=registrationtrialdatarows,4941.294645,43375719.49,4941.294645,43375719.49,0.060601825,0.015154155,-0.037438274,0.001107011,0.272695394,0.038131229,0.170651485,0.141529556,0.761320416,0.18171164,53,13208.60498
208,406,Registration,,Registration Plots,D:/Drone Imagery/2025 summer/20250704/shapefiles/7-04 reg plot files.gpkg|layername=registrationtrialdatarows,5162.963533,48581699.7,5162.963533,48581699.7,0.079335705,0.013924479,-0.034471183,0.001117488,0.292770657,0.037065754,0.174931228,0.144330294,0.859509173,0.120753154,88,11916.08755
209,407,Registration,,Registration Plots,D:/Drone Imagery/2025 summer/20250704/shapefiles/7-04 reg plot files.gpkg|layername=registrationtrialdatarows,5196.448783,74301399.07,5196.448783,74301399.07,0.062894977,0.012216677,-0.038897976,0.000827367,0.274904367,0.036801189,0.171996083,0.14241343,0.505271813,0.249972208,28,12190.39279
210,408,Registration,,Registration Plots,D:/Drone Imagery/2025 summer/20250704/shapefiles/7-04 reg plot files.gpkg|layername=registrationtrialdatarows,4250.396479,60033195.42,4250.396479,60033195.42,0.062357559,0.008761951,-0.039097587,0.00085927,0.266563837,0.028038897,0.141990886,0.121829475,0.832512139,0.139435678,73,12153.49166
211,409,Registration,,Registration Plots,D:/Drone Imagery/2025 summer/20250704/shapefiles/7-04 reg plot files.gpkg|layername=registrationtrialdatarows,4422.437606,56534315.59,4422.437606,56534315.59,0.086079278,0.009699429,-0.03408126,0.001273853,0.29572651,0.029294371,0.170728733,0.141580433,0.960451977,0.037983977,132,11463.07373
212,301,Registration,,Registration Plots,D:/Drone Imagery/2025 summer/20250704/shapefiles/7-04 reg plot files.gpkg|layername=registrationtrialdatarows,2745.779249,3806835.348,2745.779249,3806835.348,0.03910451,0.009015038,-0.044861009,0.000705871,0.223146909,0.014867559,0.068260191,0.063600737,0.937739313,0.058384294,202,15843.16168
213,302,Registration,,Registration Plots,D:/Drone Imagery/2025 summer/20250704/shapefiles/7-04 reg plot files.gpkg|layername=registrationtrialdatarows,3002.310893,6802706.414,3002.310893,6802706.414,0.066467297,0.016567006,-0.03847277,0.000940321,0.25768573,0.02722901,0.127276763,0.111077389,0.990221421,0.009682958,170,14708.13844
214,303,Registration,,Registration Plots,D:/Drone Imagery/2025 summer/20250704/shapefiles/7-04 reg plot files.gpkg|layername=registrationtrialdatarows,2790.530678,5212466.573,2790.530678,5212466.573,0.040458313,0.013108152,-0.045237144,0.000840124,0.230252129,0.021308256,0.09283909,0.084219993,0.978794079,0.02075623,184,15372.83413
215,304,Registration,,Registration Plots,D:/Drone Imagery/2025 summer/20250704/shapefiles/7-04 reg plot files.gpkg|layername=registrationtrialdatarows,3240.835655,7643650.541,3240.835655,7643650.541,0.064734861,0.021165349,-0.041065495,0.001455998,0.261957778,0.032437105,0.152758235,0.129423156,0.982152857,0.017528623,258,14244.65707
216,305,Registration,,Registration Plots,D:/Drone Imagery/2025 summer/20250704/shapefiles/7-04 reg plot files.gpkg|layername=registrationtrialdatarows,3142.547195,8862148.015,3142.547195,8862148.015,0.062745064,0.018023053,-0.037943642,0.001146433,0.25955768,0.031562263,0.140813028,0.120984719,0.987117321,0.012716716,242,13771.95561
217,306,Registration,,Registration Plots,D:/Drone Imagery/2025 summer/20250704/shapefiles/7-04 reg plot files.gpkg|layername=registrationtrialdatarows,2911.449666,10004029.45,2911.449666,10004029.45,0.053636605,0.013812345,-0.042889621,0.000932754,0.246135477,0.026537691,0.119446006,0.105178658,0.982071523,0.017607047,282,13692.20801
218,307,Registration,,Registration Plots,D:/Drone Imagery/2025 summer/20250704/shapefiles/7-04 reg plot files.gpkg|layername=registrationtrialdatarows,2210.061041,10710838.7,2210.061041,10710838.7,0.033997599,0.008602277,-0.046345901,0.000644829,0.211116397,0.018202398,0.077868553,0.071805041,0.980977234,0.018660901,164,13681.00893
219,308,Registration,,Registration Plots,D:/Drone Imagery/2025 summer/20250704/shapefiles/7-04 reg plot files.gpkg|layername=registrationtrialdatarows,2339.554689,19260780.54,2339.554689,19260780.54,0.055250635,0.008447483,-0.038744887,0.000869854,0.236317702,0.020265694,0.093578443,0.084821518,0.911271901,0.080855423,114,12492.18094
220,309,Registration,,Registration Plots,D:/Drone Imagery/2025 summer/20250704/shapefiles/7-04 reg plot files.gpkg|layername=registrationtrialdatarows,2521.127588,17592177.81,2521.127588,17592177.81,0.077045292,0.011161939,-0.034779606,0.000946854,0.264488886,0.023794474,0.123826275,0.108493329,0.967665562,0.031288922,169,12252.1457
221,201,Registration,,Registration Plots,D:/Drone Imagery/2025 summer/20250704/shapefiles/7-04 reg plot files.gpkg|layername=registrationtrialdatarows,3014.502443,6563235.477,3014.502443,6563235.477,0.042069371,0.012647054,-0.046369276,0.000737874,0.229591049,0.021083332,0.094572701,0.085628706,0.992127081,0.007810937,219,15441.34299
222,202,Registration,,Registration Plots,D:/Drone Imagery/2025 summer/20250704/shapefiles/7-04 reg plot files.gpkg|layername=registrationtrialdatarows,2786.597584,5122721.751,2786.597584,5122721.751,0.03767858,0.012389797,-0.046457434,0.00073772,0.23045719,0.019731949,0.091562922,0.083179153,0.99091129,0.009006106,228,14770.30271
223,203,Registration,,Registration Plots,D:/Drone Imagery/2025 summer/20250704/shapefiles/7-04 reg plot files.gpkg|layername=registrationtrialdatarows,3010.647498,8673453.971,3010.647498,8673453.971,0.06075401,0.019307315,-0.041144745,0.00105887,0.260169582,0.029804744,0.146002775,0.124685965,0.996555766,0.003432372,202,14796.17898
224,204,Registration,,Registration Plots,D:/Drone Imagery/2025 summer/20250704/shapefiles/7-04 reg plot files.gpkg|layername=registrationtrialdatarows,3300.706635,9465383.877,3300.706635,9465383.877,0.08932622,0.028802878,-0.035577195,0.001674289,0.299186718,0.041306436,0.213812503,0.168096717,0.995649774,0.004331302,193,13445.15543
225,205,Registration,,Registration Plots,D:/Drone Imagery/2025 summer/20250704/shapefiles/7-04 reg plot files.gpkg|layername=registrationtrialdatarows,2921.688152,6551767.753,2921.688152,6551767.753,0.051740983,0.020332817,-0.041098024,0.001264531,0.251200158,0.030726286,0.133269919,0.115509048,0.956569626,0.041544176,210,14064.3586
226,206,Registration,,Registration Plots,D:/Drone Imagery/2025 summer/20250704/shapefiles/7-04 reg plot files.gpkg|layername=registrationtrialdatarows,3934.564067,13473403.86,3934.564067,13473403.86,0.083713136,0.024309706,-0.036695829,0.001403048,0.297547253,0.041348805,0.204900976,0.162916566,0.990945734,0.008972286,264,12609.19576
227,207,Registration,,Registration Plots,D:/Drone Imagery/2025 summer/20250704/shapefiles/7-04 reg plot files.gpkg|layername=registrationtrialdatarows,2631.616785,9786670.135,2631.616785,9786670.135,0.054304861,0.015140867,-0.04146412,0.000991909,0.244191595,0.025843781,0.112651088,0.09996082,0.936383583,0.059569369,236,13302.26591
228,208,Registration,,Registration Plots,D:/Drone Imagery/2025 summer/20250704/shapefiles/7-04 reg plot files.gpkg|layername=registrationtrialdatarows,2417.504545,18519711.12,2417.504545,18519711.12,0.050824113,0.007926372,-0.036735531,0.00084882,0.241017846,0.019166663,0.090630756,0.082416822,0.847658913,0.12913328,128,12640.38179
229,209,Registration,,Registration Plots,D:/Drone Imagery/2025 summer/20250704/shapefiles/7-04 reg plot files.gpkg|layername=registrationtrialdatarows,2687.433927,21233806.93,2687.433927,21233806.93,0.07449745,0.008828625,-0.032983436,0.000805832,0.271765934,0.021247223,0.118489049,0.104449394,0.986109592,0.013697465,160,12275.40649
230,101,Registration,,Registration Plots,D:/Drone Imagery/2025 summer/20250704/shapefiles/7-04 reg plot files.gpkg|layername=registrationtrialdatarows,3727.62278,10385934.23,3727.62278,10385934.23,0.087768869,0.025517994,-0.035806273,0.00137791,0.285881151,0.039320508,0.180059079,0.147637807,0.99944984,0.000549858,324,14034.3447
231,102,Registration,,Registration Plots,D:/Drone Imagery/2025 summer/20250704/shapefiles/7-04 reg plot files.gpkg|layername=registrationtrialdatarows,2641.866545,4326537.466,2641.866545,4326537.466,0.02389884,0.010942162,-0.0492004,0.000701055,0.213097661,0.017865999,0.074392206,0.068858006,0.990030277,0.009870328,213,14833.06606
232,103,Registration,,Registration Plots,D:/Drone Imagery/2025 summer/20250704/shapefiles/7-04 reg plot files.gpkg|layername=registrationtrialdatarows,3144.024327,8069572.223,3144.024327,8069572.223,0.04840423,0.02038471,-0.044278828,0.001067224,0.246705169,0.030693246,0.130974023,0.113819828,0.973115193,0.026162014,202,14595.98935
233,104,Registration,,Registration Plots,D:/Drone Imagery/2025 summer/20250704/shapefiles/7-04 reg plot files.gpkg|layername=registrationtrialdatarows,3628.713406,9354415.317,3628.713406,9354415.317,0.083061486,0.02623441,-0.035799358,0.00153942,0.288335207,0.038255439,0.190079652,0.153949378,0.952976922,0.044811909,176,13366.3302
234,105,Registration,,Registration Plots,D:/Drone Imagery/2025 summer/20250704/shapefiles/7-04 reg plot files.gpkg|layername=registrationtrialdatarows,3125.943121,5939901.52,3125.943121,5939901.52,0.03194624,0.014471129,-0.04616901,0.00089727,0.230677554,0.024078163,0.10198392,0.0915832,0.892400573,0.096021791,191,14420.05036
235,106,Registration,,Registration Plots,D:/Drone Imagery/2025 summer/20250704/shapefiles/7-04 reg plot files.gpkg|layername=registrationtrialdatarows,3160.073678,7036398.547,3160.073678,7036398.547,0.076543956,0.025220182,-0.032938209,0.001517681,0.283654627,0.038531178,0.175714952,0.144839208,0.8557897,0.123413689,207,12965.62566
236,107,Registration,,Registration Plots,D:/Drone Imagery/2025 summer/20250704/shapefiles/7-04 reg plot files.gpkg|layername=registrationtrialdatarows,2284.699073,4771408.767,2284.699073,4771408.767,0.0286195,0.007243241,-0.043182713,0.000624206,0.218035012,0.012438286,0.055492436,0.052413025,0.931599909,0.063721518,222,14306.54812
237,108,Registration,,Registration Plots,D:/Drone Imagery/2025 summer/20250704/shapefiles/7-04 reg plot files.gpkg|layername=registrationtrialdatarows,2274.05102,10771256.08,2274.05102,10771256.08,0.043844679,0.006784094,-0.034838686,0.000793444,0.235689043,0.014103414,0.067632215,0.063058098,0.863975601,0.117521762,145,12888.55717
238,109,Registration,,Registration Plots,D:/Drone Imagery/2025 summer/20250704/shapefiles/7-04 reg plot files.gpkg|layername=registrationtrialdatarows,1947.829047,5539608.716,1947.829047,5539608.716,0.06153236,0.007372208,-0.031754335,0.000712776,0.249758967,0.012772523,0.064253644,0.060125113,0.949425201,0.048016989,177,13211.64451
239,55555,Registration,,Registration Plots,D:/Drone Imagery/2025 summer/20250704/shapefiles/7-04 reg plot files.gpkg|layername=registrationtrialdatarows,125.2876283,2443102.689,125.2876283,2443102.689,-0.047359096,0.044572357,-0.023975076,0.012170918,0.18433607,0.029109176,0.020524515,0.02010326,0,0,0,14332.59208
240,66666,Registration,,Registration Plots,D:/Drone Imagery/2025 summer/20250704/shapefiles/7-04 reg plot files.gpkg|layername=registrationtrialdatarows,2186.134116,2759488.614,2186.134116,2759488.614,0.01924764,0.018175326,-0.029566713,0.005121326,0.226580455,0.010732822,0.00949986,0.009409613,0,0,0,16186.08333
