Experiment Name,BARCODE_128,BLOC,Org Name,Locn,Plot,Mason Plot #,Identity1,Description1,Name1 (Row Spacing),Name2 (Planting Density),Name3 (variety),Plot Range,Plot Column,100 Seed weight,Moisture,Plot Weight,Yield,Common Bacterial Blight,Lodging,Height,Desirability score,White Mold,anthracnose,Flowering Date,Maturity Date,Comments,Check,Planter,Planting Date,Plot Area,Actual Plants per ha,Stand %,Total weight,Plot size,Pallet,BOX,Row Spacing,Density  (plants/a),Plot Length,Existing Barcode,Seed Mass,Dry Weight,Name 2,Plants Selected,Population,Population Selections,Seed #,Org Name 2,Male parent,Female parent,F2 reps
24101-n,17A4AB3390,1,,LODS,1,1001,,,"30""",100000,Nautica,1,1,39,19.8,1772,2280,,,,,,,2024-07-24,2024-09-01,,0,1,,,,,,,,,,,,,,,,,,,,,,,
24101-n,17DD20C9A0,1,,LODS,2,2001,,,"30""",100000,CLERK,2,1,67,23.8,635,776,,,,,,,2024-07-23,2024-09-01,,0,2,,,,,,,,,,,,,,,,,,,,,,,
24101-n,1143BB41EA,1,,LODS,3,3001,,,"30""",100000,Windbreaker,3,1,42,21.2,1586,2005,,,,,,,2024-07-21,2024-08-23,,0,3,,,,,,,,,,,,,,,,,,,,,,,
24101-n,197BBB7845,1,,LODS,4,4001,,,"30""",100000,Zorro,4,1,27,21.5,1519,1913,,,,,,,2024-07-21,2024-08-24,,0,4,,,,,,,,,,,,,,,,,,,,,,,
24101-n,1A09581714,1,,LODS,5,5001,,,"30""",100000,Eclipse,5,1,26,19.4,1534,1984,,,,,,,2024-07-23,2024-08-26,,0,5,,,,,,,,,,,,,,,,,,,,,,,
24101-n,178E433348,1,,LODS,6,6001,,,"30""",100000,Apex,6,1,52,25.6,1417,1692,,,,,,,2024-07-20,2024-09-01,,0,6,,,,,,,,,,,,,,,,,,,,,,,
24101-n,1647132305,1,,LODS,7,7001,,,"30""",100000,Redhawk,7,1,,,,,,,,,,,2024-07-17,2024-08-21,,0,7,,,,,,,,,,,,,,,,,,,,,,,
24101-n,1A2F8E059F,1,,LODS,8,8001,,,"30""",100000,ETNA,8,1,41,18.2,851,1117,,,,,,,2024-07-16,2024-08-19,,0,8,,,,,,,,,,,,,,,,,,,,,,,
24101-n,1047A4D661,1,,LODS,9,9001,,,"30""",100000,black bear,9,1,25,19.6,1633,2107,,,,,,,2024-07-26,2024-08-30,,0,9,,,,,,,,,,,,,,,,,,,,,,,
24101-n,161743762B,1,,LODS,10,10001,,,"30""",100000,Ronnies red,10,1,72,23,590,729,,,,,,,2024-07-24,2024-09-02,,0,10,,,,,,,,,,,,,,,,,,,,,,,
24101-n,11FBF792FB,1,,LODS,11,11001,,,"30""",100000,T9905,11,1,26,21.3,1675,2115,,,,,,,2024-07-26,2024-08-30,,0,11,,,,,,,,,,,,,,,,,,,,,,,
24101-n,14D1D74C4F,1,,LODS,12,12001,,,"30""",100000,Red Rover,12,1,60,20.7,642,817,,,,,,,2024-07-18,2024-08-20,,0,12,,,,,,,,,,,,,,,,,,,,,,,
24101-n,1913C5BCE2,1,,LODS,13,13001,,,"30""",100000,Merlot,13,1,40,19.5,1360,1757,,,,,,,2024-07-25,2024-09-01,,0,13,,,,,,,,,,,,,,,,,,,,,,,
24101-n,1F3E3C7202,1,,LODS,14,14001,,,"30""",100000,Red Dawn,14,1,61,20.1,427,547,,,,,,,2024-07-18,2024-08-21,,0,14,,,,,,,,,,,,,,,,,,,,,,,
24101-n,1ECBE9100C,1,,LODS,15,15001,,,"30""",100000,Cayenne,15,1,40,20.6,1809,2305,,,,,,,2024-07-22,2024-08-29,,0,15,,,,,,,,,,,,,,,,,,,,,,,
24101-n,13C7E686AA,1,,LODS,16,15002,,,"30""",150000,Ronnies red,15,2,82,22,664,831,,,,,,,2024-07-21,,,0,16,,,,,,,,,,,,,,,,,,,,,,,
24101-n,1EE98D13AE,1,,LODS,17,14002,,,"30""",150000,Red Dawn,14,2,65,20.5,595,759,,,,,,,2024-07-19,2024-08-21,,0,17,,,,,,,,,,,,,,,,,,,,,,,
24101-n,17B74EF533,1,,LODS,18,13002,,,"30""",150000,Redhawk,13,2,61,21.2,763,965,,,,,,,2024-07-20,2024-08-26,,0,18,,,,,,,,,,,,,,,,,,,,,,,
24101-n,11EC8AEE89,1,,LODS,19,12002,,,"30""",150000,Red Rover,12,2,57,21.2,1338,1692,,,,,,,2024-07-19,2024-08-22,,0,19,,,,,,,,,,,,,,,,,,,,,,,
24101-n,1B9839AAA6,1,,LODS,20,11002,,,"30""",150000,CLERK,11,2,70,23,963,1190,,,,,,,2024-07-25,2024-09-03,,0,20,,,,,,,,,,,,,,,,,,,,,,,
24101-n,128FFC5EE2,1,,LODS,21,10002,,,"30""",150000,Windbreaker,10,2,45,20.2,1444,1849,,,,,,,2024-07-20,2024-08-24,,0,21,,,,,,,,,,,,,,,,,,,,,,,
24101-n,17D142D80C,1,,LODS,22,9002,,,"30""",150000,Apex,9,2,28,20.3,2220,2839,,,,,,,2024-07-24,2024-08-31,,0,22,,,,,,,,,,,,,,,,,,,,,,,
24101-n,13D7345BF6,1,,LODS,23,8002,,,"30""",150000,black bear,8,2,60,19,1885,2450,,,,,,,2024-07-23,2024-08-29,,0,23,,,,,,,,,,,,,,,,,,,,,,,
24101-n,135525D516,1,,LODS,24,7002,,,"30""",150000,T9905,7,2,27,20,2001,2569,,,,,,,2024-07-24,2024-08-30,,0,24,,,,,,,,,,,,,,,,,,,,,,,
24101-n,1ED16701A9,1,,LODS,25,6002,,,"30""",150000,Eclipse,6,2,27,19.4,2351,3041,,,,,,,2024-07-20,2024-08-27,,0,25,,,,,,,,,,,,,,,,,,,,,,,
24101-n,1BF894EAAD,1,,LODS,26,5002,,,"30""",150000,Nautica,5,2,48,18.9,1705,2219,,,,,,,2024-07-22,2024-08-28,,0,26,,,,,,,,,,,,,,,,,,,,,,,
24101-n,1CFB818B13,1,,LODS,27,4002,,,"30""",150000,Merlot,4,2,38,19.7,1394,1796,,,,,,,2024-07-20,2024-08-26,,0,27,,,,,,,,,,,,,,,,,,,,,,,
24101-n,1FA7816CE1,1,,LODS,28,3002,,,"30""",150000,Zorro,3,2,25,19.4,2071,2678,,,,,,,2024-07-22,2024-08-26,,0,28,,,,,,,,,,,,,,,,,,,,,,,
24101-n,167E0CFA3F,1,,LODS,29,2002,,,"30""",150000,Cayenne,2,2,,,,,,,,,,,2024-07-20,2024-08-30,,0,29,,,,,,,,,,,,,,,,,,,,,,,
24101-n,1EB5B01FFF,1,,LODS,30,1002,,,"30""",150000,ETNA,1,2,47,19.2,1967,2550,,,,,,,2024-07-17,2024-08-20,,0,30,,,,,,,,,,,,,,,,,,,,,,,
24101-n,114965A262,1,,LODS,31,1003,,,"30""",75000,Red Rover,1,3,,,,,,,,,,,2024-07-16,2024-08-21,,0,31,,,,,,,,,,,,,,,,,,,,,,,
24101-n,13EFA08461,1,,LODS,32,2003,,,"30""",75000,T9905,2,3,38,21,1637,2075,,,,,,,2024-07-24,2024-08-30,,0,32,,,,,,,,,,,,,,,,,,,,,,,
24101-n,15158A5F69,1,,LODS,33,3003,,,"30""",75000,black bear,3,3,26,21.7,1836,2307,,,,,,,2024-07-23,2024-08-31,,0,33,,,,,,,,,,,,,,,,,,,,,,,
24101-n,1D59F1C964,1,,LODS,34,4003,,,"30""",75000,Zorro,4,3,28,19.6,1320,1703,,,,,,,2024-07-23,2024-08-26,,0,34,,,,,,,,,,,,,,,,,,,,,,,
24101-n,142BD536E6,1,,LODS,35,5003,,,"30""",75000,Ronnies red,5,3,70,22,693,867,,,,,,,2024-07-22,,,0,35,,,,,,,,,,,,,,,,,,,,,,,
24101-n,1DBB1A7FEC,1,,LODS,36,6003,,,"30""",75000,ETNA,6,3,58,23,828,1023,,,,,,,2024-07-19,2024-08-21,,0,36,,,,,,,,,,,,,,,,,,,,,,,
24101-n,1CB9084CD5,1,,LODS,37,7003,,,"30""",75000,Red Dawn,7,3,65,20.6,553,705,,,,,,,2024-07-16,2024-08-20,,0,37,,,,,,,,,,,,,,,,,,,,,,,
24101-n,13519E0F5D,1,,LODS,38,8003,,,"30""",75000,CLERK,8,3,67,23,722,892,,,,,,,2024-07-23,,,0,38,,,,,,,,,,,,,,,,,,,,,,,
24101-n,1BAF74E1C8,1,,LODS,39,9003,,,"30""",75000,Windbreaker,9,3,46,19.6,1482,1912,,,,,,,2024-07-21,2024-08-26,,0,39,,,,,,,,,,,,,,,,,,,,,,,
24101-n,1346BCE35D,1,,LODS,40,10003,,,"30""",75000,Redhawk,10,3,52,20.4,358,457,,,,,,,2024-07-17,2024-08-21,,0,40,,,,,,,,,,,,,,,,,,,,,,,
24101-n,1CDB6474C6,1,,LODS,41,11003,,,"30""",75000,Eclipse,11,3,25,20.3,1476,1888,,,,,,,2024-07-22,2024-08-28,,0,41,,,,,,,,,,,,,,,,,,,,,,,
24101-n,176658E42D,1,,LODS,42,12003,,,"30""",75000,Apex,12,3,51,19.5,1576,2036,,,,,,,2024-07-20,2024-09-02,,0,42,,,,,,,,,,,,,,,,,,,,,,,
24101-n,17ADAD86EC,1,,LODS,43,13003,,,"30""",75000,Cayenne,13,3,39,20.5,2047,2611,,,,,,,2024-07-25,2024-08-30,,0,43,,,,,,,,,,,,,,,,,,,,,,,
24101-n,10C128A4AC,1,,LODS,44,14003,,,"30""",75000,Merlot,14,3,42,18.6,918,1199,,,,,,,2024-07-24,2024-09-02,,0,44,,,,,,,,,,,,,,,,,,,,,,,
24101-n,16614BF8FB,1,,LODS,45,15003,,,"30""",75000,Nautica,15,3,24,21.2,1489,1883,,,,,,,2024-07-24,2024-08-30,,0,45,,,,,,,,,,,,,,,,,,,,,,,
24101-n,1601855702,1,,LODS,46,15004,,,"22""",150000,Nautica,15,4,,,,,,,,,,,2024-07-23,2024-08-28,,0,46,,,,,,,,,,,,,,,,,,,,,,,
24101-n,162DD8AFEB,1,,LODS,47,14004,,,"22""",150000,Zorro,14,4,28,21.2,1570,1985,,,,,,,2024-07-24,2024-08-28,,0,47,,,,,,,,,,,,,,,,,,,,,,,
24101-n,196870E465,1,,LODS,48,13004,,,"22""",150000,Redhawk,13,4,54,20.7,645,821,,,,,,,2024-07-19,2024-08-26,,0,48,,,,,,,,,,,,,,,,,,,,,,,
24101-n,1B20C85804,1,,LODS,49,12004,,,"22""",150000,Cayenne,12,4,39,19.9,1476,1897,,,,,,,2024-07-24,2024-08-30,,0,49,,,,,,,,,,,,,,,,,,,,,,,
24101-n,1D1519F912,1,,LODS,50,11004,,,"22""",150000,Windbreaker,11,4,42,20.1,1532,1964,,,,,,,2024-07-20,2024-08-24,,0,50,,,,,,,,,,,,,,,,,,,,,,,
24101-n,11AC5EA708,1,,LODS,51,10004,,,"22""",150000,Eclipse,10,4,45,20,1319,1693,,,,,,,2024-07-23,2024-08-28,,0,51,,,,,,,,,,,,,,,,,,,,,,,
24101-n,17C35F9EF6,1,,LODS,52,9004,,,"22""",150000,CLERK,9,4,61,20.4,657,839,,,,,,,2024-07-23,,,0,52,,,,,,,,,,,,,,,,,,,,,,,
24101-n,1B93418F81,1,,LODS,53,8004,,,"22""",150000,Red Rover,8,4,57,18.9,764,994,,,,,,,2024-07-17,2024-08-22,,0,53,,,,,,,,,,,,,,,,,,,,,,,
24101-n,1617DE1AAA,1,,LODS,54,7004,,,"22""",150000,Red Dawn,7,4,64,20.7,550,700,,,,,,,2024-07-18,2024-08-20,,0,54,,,,,,,,,,,,,,,,,,,,,,,
24101-n,137A27CF22,1,,LODS,55,6004,,,"22""",150000,T9905,6,4,25,18.3,1828,2396,,,,,,,2024-07-22,2024-08-30,,0,55,,,,,,,,,,,,,,,,,,,,,,,
24101-n,178A7FCC1B,1,,LODS,56,5004,,,"22""",150000,Ronnies red,5,4,70,19.6,766,988,,,,,,,2024-07-21,2024-09-02,,0,56,,,,,,,,,,,,,,,,,,,,,,,
24101-n,10DF836229,1,,LODS,57,4004,,,"22""",150000,Merlot,4,4,40,19.9,1582,2033,,,,,,,2024-07-22,2024-08-30,,0,57,,,,,,,,,,,,,,,,,,,,,,,
24101-n,1BEEB999A1,1,,LODS,58,3004,,,"22""",150000,Apex,3,4,28,20.5,1623,2070,,,,,,,2024-07-22,2024-09-01,,0,58,,,,,,,,,,,,,,,,,,,,,,,
24101-n,184AA18C55,1,,LODS,59,2004,,,"22""",150000,ETNA,2,4,47,19.3,190,246,,,,,,,2024-07-17,2024-08-22,,0,59,,,,,,,,,,,,,,,,,,,,,,,
24101-n,1F294A5502,1,,LODS,60,1004,,,"22""",150000,black bear,1,4,,,,,,,,,,,2024-07-21,,,0,60,,,,,,,,,,,,,,,,,,,,,,,
24101-n,128FCE3EF1,1,,LODS,61,1005,,,"22""",75000,Nautica,1,5,29,17.2,482,640,,,,,,,2024-07-22,2024-09-01,,0,61,,,,,,,,,,,,,,,,,,,,,,,
24101-n,108817FC5A,1,,LODS,62,2005,,,"22""",75000,Merlot,2,5,40,20.6,929,1184,,,,,,,2024-07-23,2024-09-01,,0,62,,,,,,,,,,,,,,,,,,,,,,,
24101-n,1C2A16BA08,1,,LODS,63,3005,,,"22""",75000,Apex,3,5,28,22.8,1518,1880,,,,,,,2024-07-24,,,0,63,,,,,,,,,,,,,,,,,,,,,,,
24101-n,1B00FCE504,1,,LODS,64,4005,,,"22""",75000,black bear,4,5,28,23.3,1636,2013,,,,,,,2024-07-24,2024-09-01,,0,64,,,,,,,,,,,,,,,,,,,,,,,
24101-n,12BC26828A,1,,LODS,65,5005,,,"22""",75000,ETNA,5,5,72,18.9,740,963,,,,,,,2024-07-17,2024-08-20,,0,65,,,,,,,,,,,,,,,,,,,,,,,
24101-n,14A4CA0F78,1,,LODS,66,6005,,,"22""",75000,Zorro,6,5,28,21.2,1688,2134,,,,,,,2024-07-21,2024-08-30,,0,66,,,,,,,,,,,,,,,,,,,,,,,
24101-n,1ABB092894,1,,LODS,67,7005,,,"22""",75000,T9905,7,5,27,21.3,1322,1669,,,,,,,2024-07-25,2024-08-31,,0,67,,,,,,,,,,,,,,,,,,,,,,,
24101-n,18699C80DE,1,,LODS,68,8005,,,"22""",75000,Cayenne,8,5,41,19.7,1511,1947,,,,,,,2024-07-23,2024-08-30,,0,68,,,,,,,,,,,,,,,,,,,,,,,
24101-n,1CD6C3DBF6,1,,LODS,69,9005,,,"22""",75000,Red Dawn,9,5,59,19,513,667,,,,,,,2024-07-16,2024-08-21,,0,69,,,,,,,,,,,,,,,,,,,,,,,
24101-n,11A3DEAF70,1,,LODS,70,10005,,,"22""",75000,Redhawk,10,5,56,19.2,507,657,,,,,,,2024-07-17,2024-08-21,,0,70,,,,,,,,,,,,,,,,,,,,,,,
24101-n,15BD90DF5B,1,,LODS,71,11005,,,"22""",75000,Ronnies red,11,5,73,21,768,974,,,,,,,2024-07-21,2024-09-01,,0,71,,,,,,,,,,,,,,,,,,,,,,,
24101-n,196A2A2CFF,1,,LODS,72,12005,,,"22""",75000,Eclipse,12,5,48,17.7,1216,1606,,,,,,,2024-07-24,2024-08-26,,0,72,,,,,,,,,,,,,,,,,,,,,,,
24101-n,1B00F5B1B3,1,,LODS,73,13005,,,"22""",75000,CLERK,13,5,64,21.6,666,838,,,,,,,2024-07-25,,,0,73,,,,,,,,,,,,,,,,,,,,,,,
24101-n,10F8436E71,1,,LODS,74,14005,,,"22""",75000,Windbreaker,14,5,50,19.9,1223,1572,,,,,,,2024-07-21,2024-08-26,,0,74,,,,,,,,,,,,,,,,,,,,,,,
24101-n,1FE3C8DD87,1,,LODS,75,15005,,,"22""",75000,Red Rover,15,5,60,20.5,744,949,,,,,,,2024-07-19,2024-08-24,,0,75,,,,,,,,,,,,,,,,,,,,,,,
24101-n,1F69EB8F23,1,,LODS,76,15006,,,"22""",100000,Nautica,15,6,54,20.7,1063,1353,,,,,,,2024-07-25,2024-08-30,,0,76,,,,,,,,,,,,,,,,,,,,,,,
24101-n,1E5BC0F5A0,1,,LODS,77,14006,,,"22""",100000,Red Dawn,14,6,56,18.5,539,705,,,,,,,2024-07-20,2024-08-19,,0,77,,,,,,,,,,,,,,,,,,,,,,,
24101-n,10EDA2B6DF,1,,LODS,78,13006,,,"22""",100000,T9905,13,6,54,23.2,1886,2324,,,,,,,2024-07-26,2024-08-31,,0,78,,,,,,,,,,,,,,,,,,,,,,,
24101-n,103B4585F5,1,,LODS,79,12006,,,"22""",100000,Ronnies red,12,6,66,19.6,642,828,,,,,,,2024-07-22,2024-09-01,,0,79,,,,,,,,,,,,,,,,,,,,,,,
24101-n,1D32470AF7,1,,LODS,80,11006,,,"22""",100000,Redhawk,11,6,51,19.2,832,1079,,,,,,,2024-07-21,2024-08-22,,0,80,,,,,,,,,,,,,,,,,,,,,,,
24101-n,1C8627CFE0,1,,LODS,81,10006,,,"22""",100000,ETNA,10,6,56,20.5,823,1050,,,,,,,2024-07-18,2024-08-22,,0,81,,,,,,,,,,,,,,,,,,,,,,,
24101-n,1C3156684C,1,,LODS,82,9006,,,"22""",100000,CLERK,9,6,72,24,432,527,,,,,,,2024-07-25,,,0,82,,,,,,,,,,,,,,,,,,,,,,,
24101-n,1AFB396F00,1,,LODS,83,8006,,,"22""",100000,Apex,8,6,28,22.7,1549,1921,,,,,,,2024-07-24,2024-08-31,,0,83,,,,,,,,,,,,,,,,,,,,,,,
24101-n,13F7E6DCBF,1,,LODS,84,7006,,,"22""",100000,black bear,7,6,29,20.3,1943,2485,,,,,,,2024-07-25,2024-09-01,,0,84,,,,,,,,,,,,,,,,,,,,,,,
24101-n,1F28AAC832,1,,LODS,85,6006,,,"22""",100000,Red Rover,6,6,61,18.6,827,1080,,,,,,,2024-07-18,2024-08-21,,0,85,,,,,,,,,,,,,,,,,,,,,,,
24101-n,1C4B0E1D45,1,,LODS,86,5006,,,"22""",100000,Merlot,5,6,47,20.5,955,1218,,,,,,,2024-07-24,,,0,86,,,,,,,,,,,,,,,,,,,,,,,
24101-n,1080B6E78B,1,,LODS,87,4006,,,"22""",100000,Eclipse,4,6,25,19.1,1911,2481,,,,,,,2024-07-24,2024-08-28,,0,87,,,,,,,,,,,,,,,,,,,,,,,
24101-n,1F019EB283,1,,LODS,88,3006,,,"22""",100000,Zorro,3,6,25,20.8,1322,1680,,,,,,,2024-07-22,2024-08-26,,0,88,,,,,,,,,,,,,,,,,,,,,,,
24101-n,17F17445E8,1,,LODS,89,2006,,,"22""",100000,Windbreaker,2,6,47,21,1359,1723,,,,,,,2024-07-21,2024-08-24,,0,89,,,,,,,,,,,,,,,,,,,,,,,
24101-n,1BBE7A47FB,1,,LODS,90,1006,,,"22""",100000,Cayenne,1,6,45,20.3,2006,2565,,,,,,,2024-07-22,,,0,90,,,,,,,,,,,,,,,,,,,,,,,
24101-n,151746B5A8,2,,LODS,91,1007,,,"22""",75000,Red Rover,1,7,62,20,659,846,,,,,,,2024-07-17,2024-08-22,,0,91,,,,,,,,,,,,,,,,,,,,,,,
24101-n,1584ADAD28,2,,LODS,92,2007,,,"22""",75000,Zorro,2,7,26,20.5,1573,2007,,,,,,,2024-07-25,2024-08-31,,0,92,,,,,,,,,,,,,,,,,,,,,,,
24101-n,1275B49A02,2,,LODS,93,3007,,,"22""",75000,ETNA,3,7,59,18.9,678,882,,,,,,,2024-07-19,2024-08-23,,0,93,,,,,,,,,,,,,,,,,,,,,,,
24101-n,176A73EB1D,2,,LODS,94,4007,,,"22""",75000,Apex,4,7,28,20.3,1673,2140,,,,,,,2024-07-24,2024-09-02,,0,94,,,,,,,,,,,,,,,,,,,,,,,
24101-n,1F0AE1958B,2,,LODS,95,5007,,,"22""",75000,Red Dawn,5,7,65,19.9,378,486,,,,,,,2024-07-15,2024-08-18,,0,95,,,,,,,,,,,,,,,,,,,,,,,
24101-n,1A8E6CC8D8,2,,LODS,96,6007,,,"22""",75000,T9905,6,7,27,18.1,1526,2005,,,,,,,2024-07-24,2024-08-31,,0,96,,,,,,,,,,,,,,,,,,,,,,,
24101-n,179874C9E2,2,,LODS,97,7007,,,"22""",75000,Windbreaker,7,7,53,19.4,1575,2037,,,,,,,2024-07-21,2024-08-28,,0,97,,,,,,,,,,,,,,,,,,,,,,,
24101-n,198A5A08B5,2,,LODS,98,8007,,,"22""",75000,Nautica,8,7,28,20,1804,2316,,,,,,,2024-07-25,2024-08-29,,0,98,,,,,,,,,,,,,,,,,,,,,,,
24101-n,1C1CB6CE61,2,,LODS,99,9007,,,"22""",75000,Merlot,9,7,50,18.9,1139,1482,,,,,,,2024-07-23,,,0,99,,,,,,,,,,,,,,,,,,,,,,,
24101-n,1E7680FFC6,2,,LODS,100,10007,,,"22""",75000,black bear,10,7,25,19.7,1479,1906,,,,,,,2024-07-25,2024-09-01,,0,100,,,,,,,,,,,,,,,,,,,,,,,
24101-n,1485745121,2,,LODS,101,11007,,,"22""",75000,Eclipse,11,7,,,,,,,,,,,2024-07-23,2024-08-28,,0,101,,,,,,,,,,,,,,,,,,,,,,,
24101-n,1183CAA820,2,,LODS,102,12007,,,"22""",75000,CLERK,12,7,66,22.9,588,727,,,,,,,2024-07-21,2024-09-02,,0,102,,,,,,,,,,,,,,,,,,,,,,,
24101-n,151856F93E,2,,LODS,103,13007,,,"22""",75000,Ronnies red,13,7,76,22,745,932,,,,,,,2024-07-22,,,0,103,,,,,,,,,,,,,,,,,,,,,,,
24101-n,1AA5643697,2,,LODS,104,14007,,,"22""",75000,Redhawk,14,7,57,20.6,253,322,,,,,,,2024-07-17,2024-08-21,,0,104,,,,,,,,,,,,,,,,,,,,,,,
24101-n,13438C38B0,2,,LODS,105,15007,,,"22""",75000,Cayenne,15,7,34,17.6,1537,2032,,,,,,,2024-07-21,2024-09-01,,0,105,,,,,,,,,,,,,,,,,,,,,,,
24101-n,143B059D49,2,,LODS,106,15008,,,"22""",150000,Windbreaker,15,8,45,17.9,1140,1502,,,,,,,2024-07-20,2024-08-22,,0,106,,,,,,,,,,,,,,,,,,,,,,,
24101-n,1157728786,2,,LODS,107,14008,,,"22""",150000,Redhawk,14,8,,,,,,,,,,,2024-07-18,2024-08-24,,0,107,,,,,,,,,,,,,,,,,,,,,,,
24101-n,1EBDA28DB6,2,,LODS,108,13008,,,"22""",150000,Cayenne,13,8,40,18.9,1559,2029,,,,,,,2024-07-24,2024-08-30,,0,108,,,,,,,,,,,,,,,,,,,,,,,
24101-n,1AA89F614D,2,,LODS,109,12008,,,"22""",150000,ETNA,12,8,52,20,170,218,,,,,,,2024-07-18,2024-08-20,,0,109,,,,,,,,,,,,,,,,,,,,,,,
24101-n,189A641B49,2,,LODS,110,11008,,,"22""",150000,Apex,11,8,29,22,1489,1864,,,,,,,2024-07-19,2024-08-30,,0,110,,,,,,,,,,,,,,,,,,,,,,,
24101-n,1147AC00EA,2,,LODS,111,10008,,,"22""",150000,Red Rover,10,8,63,21.5,830,1045,,,,,,,2024-07-19,2024-08-24,,0,111,,,,,,,,,,,,,,,,,,,,,,,
24101-n,10EDEF24ED,2,,LODS,112,9008,,,"22""",150000,Zorro,9,8,26,20.9,1506,1911,,,,,,,2024-07-24,2024-08-28,,0,112,,,,,,,,,,,,,,,,,,,,,,,
24101-n,1FCB05C378,2,,LODS,113,8008,,,"22""",150000,black bear,8,8,36,19.2,1748,2266,,,,,,,2024-07-22,2024-08-28,,0,113,,,,,,,,,,,,,,,,,,,,,,,
24101-n,131622A06A,2,,LODS,114,7008,,,"22""",150000,Eclipse,7,8,61,17.4,1594,2113,,,,,,,2024-07-21,2024-08-26,,0,114,,,,,,,,,,,,,,,,,,,,,,,
24101-n,1E8608BDB2,2,,LODS,115,6008,,,"22""",150000,T9905,6,8,25,19.7,2088,2690,,,,,,,2024-07-24,2024-08-30,,0,115,,,,,,,,,,,,,,,,,,,,,,,
24101-n,1B69F7C04C,2,,LODS,116,5008,,,"22""",150000,CLERK,5,8,70,22.8,873,1081,,,,,,,2024-07-25,,,0,116,,,,,,,,,,,,,,,,,,,,,,,
24101-n,1BD33F1538,2,,LODS,117,4008,,,"22""",150000,Red Dawn,4,8,62,21.3,587,741,,,,,,,2024-07-17,2024-08-20,,0,117,,,,,,,,,,,,,,,,,,,,,,,
24101-n,1575F9896E,2,,LODS,118,3008,,,"22""",150000,Ronnies red,3,8,76,21.8,790,991,,,,,,,2024-07-23,2024-09-02,,0,118,,,,,,,,,,,,,,,,,,,,,,,
24101-n,14967C7782,2,,LODS,119,2008,,,"22""",150000,Merlot,2,8,45,18.6,1280,1672,,,,,,,2024-07-24,2024-08-30,,0,119,,,,,,,,,,,,,,,,,,,,,,,
24101-n,139FAB529C,2,,LODS,120,1008,,,"22""",150000,Nautica,1,8,26,17.6,1773,2344,,,,,,,2024-07-23,2024-09-01,,0,120,,,,,,,,,,,,,,,,,,,,,,,
24101-n,109D664FB0,2,,LODS,121,1009,,,"22""",100000,black bear,1,9,26,21.4,1941,2448,,,,,,,2024-07-23,2024-09-01,,0,121,,,,,,,,,,,,,,,,,,,,,,,
24101-n,1BBE1B7C42,2,,LODS,122,2009,,,"22""",100000,Merlot,2,9,61,18.6,1334,1742,,,,,,,2024-07-21,2024-08-30,,0,122,,,,,,,,,,,,,,,,,,,,,,,
24101-n,19789DB30C,2,,LODS,123,3009,,,"22""",100000,CLERK,3,9,67,20,696,893,,,,,,,2024-07-23,2024-09-02,,0,123,,,,,,,,,,,,,,,,,,,,,,,
24101-n,1A8EC4F4D0,2,,LODS,124,4009,,,"22""",100000,Ronnies red,4,9,217,20.6,775,987,,,,,,,2024-07-21,2024-09-02,,0,124,,,,,,,,,,,,,,,,,,,,,,,
24101-n,15EEF1DD70,2,,LODS,125,5009,,,"22""",100000,Redhawk,5,9,60,20.8,672,854,,,,,,,2024-07-19,2024-08-19,,0,125,,,,,,,,,,,,,,,,,,,,,,,
24101-n,1B62F0EA7F,2,,LODS,126,6009,,,"22""",100000,ETNA,6,9,53,19.7,845,1089,,,,,,,2024-07-19,2024-08-21,,0,126,,,,,,,,,,,,,,,,,,,,,,,
24101-n,10F0B9FC46,2,,LODS,127,7009,,,"22""",100000,Cayenne,7,9,39,20.1,2126,2726,,,,,,,2024-07-24,2024-08-30,,0,127,,,,,,,,,,,,,,,,,,,,,,,
24101-n,1A8D9C3D2C,2,,LODS,128,8009,,,"22""",100000,Red Rover,8,9,62,20.6,913,1163,,,,,,,2024-07-17,2024-08-20,,0,128,,,,,,,,,,,,,,,,,,,,,,,
24101-n,1D82BAB71D,2,,LODS,129,9009,,,"22""",100000,Apex,9,9,52,18.7,1438,1876,,,,,,,2024-07-26,2024-09-02,,0,129,,,,,,,,,,,,,,,,,,,,,,,
24101-n,1AAFB87CE6,2,,LODS,130,10009,,,"22""",100000,Windbreaker,10,9,39,20.5,1540,1965,,,,,,,2024-07-20,2024-08-26,,0,130,,,,,,,,,,,,,,,,,,,,,,,
24101-n,1D4DC84C27,2,,LODS,131,11009,,,"22""",100000,T9905,11,9,26,18.7,1194,1558,,,,,,,2024-07-21,2024-08-30,,0,131,,,,,,,,,,,,,,,,,,,,,,,
24101-n,1EBA4CDAE3,2,,LODS,132,12009,,,"22""",100000,Nautica,12,9,24,20.2,1403,1797,,,,,,,2024-07-25,2024-08-31,,0,132,,,,,,,,,,,,,,,,,,,,,,,
24101-n,1D7CAA682B,2,,LODS,133,13009,,,"22""",100000,Zorro,13,9,50,18.8,1451,1891,,,,,,,2024-07-23,2024-08-30,,0,133,,,,,,,,,,,,,,,,,,,,,,,
24101-n,10F0B53C07,2,,LODS,134,14009,,,"22""",100000,Eclipse,14,9,29,19.6,1786,2304,,,,,,,2024-07-22,2024-08-28,,0,134,,,,,,,,,,,,,,,,,,,,,,,
24101-n,1B94CD7BFB,2,,LODS,135,15009,,,"22""",100000,Red Dawn,15,9,81,18.8,556,724,,,,,,,2024-07-17,2024-08-20,,0,135,,,,,,,,,,,,,,,,,,,,,,,
24101-n,1F6ACB792D,2,,LODS,136,15010,,,"30""",100000,ETNA,15,10,54,19,1038,1349,,,,,,,2024-07-18,2024-08-22,,0,136,,,,,,,,,,,,,,,,,,,,,,,
24101-n,1E9F22FC24,2,,LODS,137,14010,,,"30""",100000,Nautica,14,10,35,19.5,1810,2338,,,,,,,2024-07-26,2024-08-30,,0,137,,,,,,,,,,,,,,,,,,,,,,,
24101-n,19B80CD0F0,2,,LODS,138,13010,,,"30""",100000,Eclipse,13,10,27,18.9,2265,2948,,,,,,,2024-07-24,2024-08-26,,0,138,,,,,,,,,,,,,,,,,,,,,,,
24101-n,1C32A3B1D2,2,,LODS,139,12010,,,"30""",100000,Redhawk,12,10,74,21.2,738,933,,,,,,,2024-07-18,2024-08-23,,0,139,,,,,,,,,,,,,,,,,,,,,,,
24101-n,179DF95BCF,2,,LODS,140,11010,,,"30""",100000,Zorro,11,10,25,18.4,1570,2056,,,,,,,2024-07-23,2024-08-30,,0,140,,,,,,,,,,,,,,,,,,,,,,,
24101-n,1B8410F2B7,2,,LODS,141,10010,,,"30""",100000,Ronnies red,10,10,82,21.9,956,1198,,,,,,,2024-07-23,,,0,141,,,,,,,,,,,,,,,,,,,,,,,
24101-n,150719918B,2,,LODS,142,9010,,,"30""",100000,Merlot,9,10,0,19.2,1600,2074,,,,,,,2024-07-25,2024-09-02,,0,142,,,,,,,,,,,,,,,,,,,,,,,
24101-n,1295EA32E8,2,,LODS,143,8010,,,"30""",100000,CLERK,8,10,63,20.4,1000,1277,,,,,,,2024-07-23,,,0,143,,,,,,,,,,,,,,,,,,,,,,,
24101-n,12865E420B,2,,LODS,144,7010,,,"30""",100000,Windbreaker,7,10,41,19.1,1573,2042,,,,,,,2024-07-21,2024-08-24,,0,144,,,,,,,,,,,,,,,,,,,,,,,
24101-n,1875D9E138,2,,LODS,145,6010,,,"30""",100000,Cayenne,6,10,37,20.2,2044,2617,,,,,,,2024-07-24,2024-08-28,,0,145,,,,,,,,,,,,,,,,,,,,,,,
24101-n,1938526BD4,2,,LODS,146,5010,,,"30""",100000,Red Dawn,5,10,62,20.5,538,686,,,,,,,2024-07-16,2024-08-19,,0,146,,,,,,,,,,,,,,,,,,,,,,,
24101-n,1CA2619B26,2,,LODS,147,4010,,,"30""",100000,Apex,4,10,26,18.9,1952,2540,,,,,,,2024-07-24,2024-08-31,,0,147,,,,,,,,,,,,,,,,,,,,,,,
24101-n,1697EBC230,2,,LODS,148,3010,,,"30""",100000,T9905,3,10,26,20.3,1889,2416,,,,,,,2024-07-22,2024-08-30,,0,148,,,,,,,,,,,,,,,,,,,,,,,
24101-n,1005824E2F,2,,LODS,149,2010,,,"30""",100000,Red Rover,2,10,55,20.3,674,862,,,,,,,2024-07-18,2024-08-21,,0,149,,,,,,,,,,,,,,,,,,,,,,,
24101-n,1CDBA3A339,2,,LODS,150,1010,,,"30""",100000,black bear,1,10,26,19.4,2252,2913,,,,,,,2024-07-22,2024-08-31,,0,150,,,,,,,,,,,,,,,,,,,,,,,
24101-n,10E594A03A,2,,LODS,151,1011,,,"30""",75000,Redhawk,1,11,47,19.8,307,395,,,,,,,2024-07-16,2024-08-20,,0,151,,,,,,,,,,,,,,,,,,,,,,,
24101-n,1C72DABC5F,2,,LODS,152,2011,,,"30""",75000,ETNA,2,11,63,21.5,537,676,,,,,,,2024-07-16,2024-08-21,,0,152,,,,,,,,,,,,,,,,,,,,,,,
24101-n,1FCFC7D6A5,2,,LODS,153,3011,,,"30""",75000,Nautica,3,11,24,19.9,1686,2167,,,,,,,2024-07-24,2024-08-30,,0,153,,,,,,,,,,,,,,,,,,,,,,,
24101-n,142716F39E,2,,LODS,154,4011,,,"30""",75000,Red Rover,4,11,56,21,680,862,,,,,,,2024-07-19,2024-08-22,,0,154,,,,,,,,,,,,,,,,,,,,,,,
24101-n,152CB970AB,2,,LODS,155,5011,,,"30""",75000,black bear,5,11,37,19.7,1726,2224,,,,,,,2024-07-23,2024-09-01,,0,155,,,,,,,,,,,,,,,,,,,,,,,
24101-n,18E872AECC,2,,LODS,156,6011,,,"30""",75000,Merlot,6,11,42,20.5,1282,1635,,,,,,,2024-07-25,2024-09-01,,0,156,,,,,,,,,,,,,,,,,,,,,,,
24101-n,13ED8B4B49,2,,LODS,157,7011,,,"30""",75000,Eclipse,7,11,26,19.6,1818,2345,,,,,,,2024-07-22,2024-08-28,,0,157,,,,,,,,,,,,,,,,,,,,,,,
24101-n,12E1D82A3B,2,,LODS,158,8011,,,"30""",75000,Ronnies red,8,11,70,20.8,1183,1503,,,,,,,2024-07-21,,,0,158,,,,,,,,,,,,,,,,,,,,,,,
24101-n,1002DC1CCA,2,,LODS,159,9011,,,"30""",75000,Zorro,9,11,38,21.2,1261,1594,,,,,,,2024-07-28,2024-08-30,,0,159,,,,,,,,,,,,,,,,,,,,,,,
24101-n,1996D35627,2,,LODS,160,10011,,,"30""",75000,CLERK,10,11,63,21.7,851,1069,,,,,,,2024-07-23,,,0,160,,,,,,,,,,,,,,,,,,,,,,,
24101-n,1BEE9EAA14,2,,LODS,161,11011,,,"30""",75000,Red Dawn,11,11,65,19.5,341,440,,,,,,,2024-07-18,2024-08-21,,0,161,,,,,,,,,,,,,,,,,,,,,,,
24101-n,143255DC9E,2,,LODS,162,12011,,,"30""",75000,T9905,12,11,22,22.1,1630,2038,,,,,,,2024-07-23,2024-09-01,,0,162,,,,,,,,,,,,,,,,,,,,,,,
24101-n,163BBC07EE,2,,LODS,163,13011,,,"30""",75000,Cayenne,13,11,39,19.7,1858,2394,,,,,,,2024-07-24,2024-08-29,,0,163,,,,,,,,,,,,,,,,,,,,,,,
24101-n,1F24AA3057,2,,LODS,164,14011,,,"30""",75000,Apex,14,11,38,20.1,1404,1800,,,,,,,2024-07-26,2024-09-01,,0,164,,,,,,,,,,,,,,,,,,,,,,,
24101-n,102E845022,2,,LODS,165,15011,,,"30""",75000,Windbreaker,15,11,48,20,1445,1855,,,,,,,2024-07-22,2024-08-26,,0,165,,,,,,,,,,,,,,,,,,,,,,,
24101-n,10E7A3798C,2,,LODS,166,15012,,,"30""",150000,Merlot,15,12,41,18.2,1340,1759,,,,,,,2024-07-23,2024-08-30,,0,166,,,,,,,,,,,,,,,,,,,,,,,
24101-n,1BD5369796,2,,LODS,167,14012,,,"30""",150000,Cayenne,14,12,40,17.9,2059,2713,,,,,,,2024-07-23,2024-08-31,,0,167,,,,,,,,,,,,,,,,,,,,,,,
24101-n,190123EEC1,2,,LODS,168,13012,,,"30""",150000,Apex,13,12,29,21.5,2397,3019,,,,,,,2024-07-24,2024-08-30,,0,168,,,,,,,,,,,,,,,,,,,,,,,
24101-n,191BA5BC4A,2,,LODS,169,12012,,,"30""",150000,Red Rover,12,12,57,20.4,971,1240,,,,,,,2024-07-16,2024-08-24,,0,169,,,,,,,,,,,,,,,,,,,,,,,
24101-n,108FE7B6A8,2,,LODS,170,11012,,,"30""",150000,ETNA,11,12,53,17.8,815,1075,,,,,,,2024-07-19,2024-08-21,,0,170,,,,,,,,,,,,,,,,,,,,,,,
24101-n,11F82120E3,2,,LODS,171,10012,,,"30""",150000,Zorro,10,12,26,18.5,2202,2880,,,,,,,2024-07-24,2024-08-28,,0,171,,,,,,,,,,,,,,,,,,,,,,,
24101-n,101D2D89B4,2,,LODS,172,9012,,,"30""",150000,T9905,9,12,26,20.4,1960,2503,,,,,,,2024-07-24,2024-08-30,,0,172,,,,,,,,,,,,,,,,,,,,,,,
24101-n,16F697E982,2,,LODS,173,8012,,,"30""",150000,Nautica,8,12,24,20.5,2112,2694,,,,,,,2024-07-21,2024-08-29,,0,173,,,,,,,,,,,,,,,,,,,,,,,
24101-n,1F1317254C,2,,LODS,174,7012,,,"30""",150000,black bear,7,12,27,18.5,2396,3133,,,,,,,2024-07-25,2024-09-01,,0,174,,,,,,,,,,,,,,,,,,,,,,,
24101-n,16EDD0D6A7,2,,LODS,175,6012,,,"30""",150000,Red Dawn,6,12,64,19.7,766,987,,,,,,,2024-07-16,2024-08-20,,0,175,,,,,,,,,,,,,,,,,,,,,,,
24101-n,103F624B8D,2,,LODS,176,5012,,,"30""",150000,Redhawk,5,12,58,20,867,1113,,,,,,,2024-07-18,2024-08-21,,0,176,,,,,,,,,,,,,,,,,,,,,,,
24101-n,1C6889CD4C,2,,LODS,177,4012,,,"30""",150000,CLERK,4,12,68,20.8,1144,1454,,,,,,,2024-07-22,2024-09-02,,0,177,,,,,,,,,,,,,,,,,,,,,,,
24101-n,1335921DEC,2,,LODS,178,3012,,,"30""",150000,Windbreaker,3,12,42,19.2,1618,2098,,,,,,,2024-07-19,2024-08-22,,0,178,,,,,,,,,,,,,,,,,,,,,,,
24101-n,158627AD2E,2,,LODS,179,2012,,,"30""",150000,Eclipse,2,12,43,17.2,1946,2586,,,,,,,2024-07-20,2024-08-26,,0,179,,,,,,,,,,,,,,,,,,,,,,,
24101-n,1B388374BB,2,,LODS,180,1012,,,"30""",150000,Ronnies red,1,12,74,24.2,889,1081,,,,,,,2024-07-19,,,0,180,,,,,,,,,,,,,,,,,,,,,,,
24101-n,18663BCBFE,3,,LODS,181,1013,,,"22""",150000,Red Rover,1,13,60,20.2,454,581,,,,,,,2024-07-17,2024-08-21,,0,181,,,,,,,,,,,,,,,,,,,,,,,
24101-n,108190DD84,3,,LODS,182,2013,,,"22""",150000,Zorro,2,13,40,19.1,1515,1967,,,,,,,2024-07-20,2024-08-29,,0,182,,,,,,,,,,,,,,,,,,,,,,,
24101-n,1C8C2E820A,3,,LODS,183,3013,,,"22""",150000,Apex,3,13,28,20,2126,2729,,,,,,,2024-07-21,2024-09-01,,0,183,,,,,,,,,,,,,,,,,,,,,,,
24101-n,1493D14504,3,,LODS,184,4013,,,"22""",150000,Merlot,4,13,41,20.2,1541,1973,,,,,,,2024-07-24,2024-09-01,,0,184,,,,,,,,,,,,,,,,,,,,,,,
24101-n,1319C119F5,3,,LODS,185,5013,,,"22""",150000,Red Dawn,5,13,62,18.1,441,580,,,,,,,2024-07-17,2024-08-20,,0,185,,,,,,,,,,,,,,,,,,,,,,,
24101-n,13915D621D,3,,LODS,186,6013,,,"22""",150000,Redhawk,6,13,56,20.3,580,742,,,,,,,2024-07-17,2024-08-20,,0,186,,,,,,,,,,,,,,,,,,,,,,,
24101-n,1EB43CFF67,3,,LODS,187,7013,,,"22""",150000,CLERK,7,13,68,19.5,931,1203,,,,,,,2024-07-24,,,0,187,,,,,,,,,,,,,,,,,,,,,,,
24101-n,1DE6C77E1F,3,,LODS,188,8013,,,"22""",150000,Ronnies red,8,13,67,21.3,824,1041,,,,,,,2024-07-20,2024-09-02,,0,188,,,,,,,,,,,,,,,,,,,,,,,
24101-n,1DA96071B5,3,,LODS,189,9013,,,"22""",150000,Cayenne,9,13,40,18.2,2265,2973,,,,,,,2024-07-24,2024-08-29,,0,189,,,,,,,,,,,,,,,,,,,,,,,
24101-n,16C060718C,3,,LODS,190,10013,,,"22""",150000,black bear,10,13,25,20.2,2191,2806,,,,,,,2024-07-23,2024-08-30,,0,190,,,,,,,,,,,,,,,,,,,,,,,
24101-n,16CA3B78BF,3,,LODS,191,11013,,,"22""",150000,T9905,11,13,26,20.8,2309,2934,,,,,,,2024-07-26,2024-08-30,,0,191,,,,,,,,,,,,,,,,,,,,,,,
24101-n,1D89C9FD69,3,,LODS,192,12013,,,"22""",150000,Nautica,12,13,23,18.4,1470,1925,,,,,,,2024-07-23,2024-08-30,,0,192,,,,,,,,,,,,,,,,,,,,,,,
24101-n,1B900C80E9,3,,LODS,193,13013,,,"22""",150000,ETNA,13,13,54,19.2,277,359,,,,,,,2024-07-18,2024-08-21,,0,193,,,,,,,,,,,,,,,,,,,,,,,
24101-n,101C8DC954,3,,LODS,194,14013,,,"22""",150000,Eclipse,14,13,28,18.4,1318,1726,,,,,,,2024-07-22,2024-08-28,,0,194,,,,,,,,,,,,,,,,,,,,,,,
24101-n,15CE3CEFE9,3,,LODS,195,15013,,,"22""",150000,Windbreaker,15,13,35,18,1110,1461,,,,,,,2024-07-21,2024-08-23,,0,195,,,,,,,,,,,,,,,,,,,,,,,
24101-n,1F61015D17,3,,LODS,196,15014,,,"22""",75000,Apex,15,14,39,19.7,1647,2122,,,,,,,2024-07-23,2024-09-01,,0,196,,,,,,,,,,,,,,,,,,,,,,,
24101-n,1FD7ADB5B1,3,,LODS,197,14014,,,"22""",75000,Cayenne,14,14,41,18,1429,1880,,,,,,,2024-07-23,2024-08-30,,0,197,,,,,,,,,,,,,,,,,,,,,,,
24101-n,112C7B61D6,3,,LODS,198,13014,,,"22""",75000,ETNA,13,14,57,20.2,654,837,,,,,,,2024-07-18,2024-08-22,,0,198,,,,,,,,,,,,,,,,,,,,,,,
24101-n,18429729A7,3,,LODS,199,12014,,,"22""",75000,CLERK,12,14,67,20.6,584,744,,,,,,,2024-07-22,,,0,199,,,,,,,,,,,,,,,,,,,,,,,
24101-n,1E5DB73B6E,3,,LODS,200,11014,,,"22""",75000,Eclipse,11,14,25,20.2,1638,2097,,,,,,,2024-07-24,2024-08-30,,0,200,,,,,,,,,,,,,,,,,,,,,,,
24101-n,14E6BD5F55,3,,LODS,201,10014,,,"22""",75000,Merlot,10,14,40,19.2,1140,1478,,,,,,,2024-07-24,2024-08-31,,0,201,,,,,,,,,,,,,,,,,,,,,,,
24101-n,185799D1B5,3,,LODS,202,9014,,,"22""",75000,black bear,9,14,25,18.4,1534,2009,,,,,,,2024-07-25,2024-08-30,,0,202,,,,,,,,,,,,,,,,,,,,,,,
24101-n,120F0BA503,3,,LODS,203,8014,,,"22""",75000,Red Dawn,8,14,70,18.2,474,622,,,,,,,2024-07-16,2024-08-19,,0,203,,,,,,,,,,,,,,,,,,,,,,,
24101-n,16A2B8AB04,3,,LODS,204,7014,,,"22""",75000,T9905,7,14,26,18.3,1310,1717,,,,,,,2024-07-26,2024-08-31,,0,204,,,,,,,,,,,,,,,,,,,,,,,
24101-n,1657F218F5,3,,LODS,205,6014,,,"22""",75000,Zorro,6,14,26,20,1588,2039,,,,,,,2024-07-21,2024-08-30,,0,205,,,,,,,,,,,,,,,,,,,,,,,
24101-n,131B9648B9,3,,LODS,206,5014,,,"22""",75000,Redhawk,5,14,60,19,482,626,,,,,,,2024-07-15,2024-08-21,,0,206,,,,,,,,,,,,,,,,,,,,,,,
24101-n,1A17AC8B9C,3,,LODS,207,4014,,,"22""",75000,Red Rover,4,14,77,20.7,541,688,,,,,,,2024-07-16,2024-08-26,,0,207,,,,,,,,,,,,,,,,,,,,,,,
24101-n,1F4E4C5AF3,3,,LODS,208,3014,,,"22""",75000,Windbreaker,3,14,45,18.4,925,1211,,,,,,,2024-07-20,2024-08-21,,0,208,,,,,,,,,,,,,,,,,,,,,,,
24101-n,174D419533,3,,LODS,209,2014,,,"22""",75000,Ronnies red,2,14,76,20,567,728,,,,,,,2024-07-23,,,0,209,,,,,,,,,,,,,,,,,,,,,,,
24101-n,1A1BE75B42,3,,LODS,210,1014,,,"22""",75000,Nautica,1,14,26,17.2,1454,1932,,,,,,,2024-07-22,2024-08-30,,0,210,,,,,,,,,,,,,,,,,,,,,,,
24101-n,164D3540D0,3,,LODS,211,1015,,,"22""",100000,CLERK,1,15,68,20.6,626,798,,,,,,,2024-07-23,,,0,211,,,,,,,,,,,,,,,,,,,,,,,
24101-n,1BE74AADB7,3,,LODS,212,2015,,,"22""",100000,Nautica,2,15,25,20.3,1627,2081,,,,,,,2024-07-23,2024-08-30,,0,212,,,,,,,,,,,,,,,,,,,,,,,
24101-n,1BFEDDC748,3,,LODS,213,3015,,,"22""",100000,Red Rover,3,15,62,20.9,647,821,,,,,,,2024-07-18,2024-08-24,,0,213,,,,,,,,,,,,,,,,,,,,,,,
24101-n,161107F3EE,3,,LODS,214,4015,,,"22""",100000,Red Dawn,4,15,63,19.1,488,633,,,,,,,2024-07-16,2024-08-19,,0,214,,,,,,,,,,,,,,,,,,,,,,,
24101-n,1758056A3A,3,,LODS,215,5015,,,"22""",100000,Zorro,5,15,26,19,1395,1813,,,,,,,2024-07-24,2024-08-30,,0,215,,,,,,,,,,,,,,,,,,,,,,,
24101-n,14CA912D81,3,,LODS,216,6015,,,"22""",100000,Apex,6,15,29,20.9,1315,1669,,,,,,,2024-07-21,2024-09-02,,0,216,,,,,,,,,,,,,,,,,,,,,,,
24101-n,1D5B0E31A0,3,,LODS,217,7015,,,"22""",100000,T9905,7,15,23,19.2,1592,2064,,,,,,,2024-07-24,,,0,217,,,,,,,,,,,,,,,,,,,,,,,
24101-n,11D718A042,3,,LODS,218,8015,,,"22""",100000,Ronnies red,8,15,67,19,592,769,,,,,,,2024-07-19,,,0,218,,,,,,,,,,,,,,,,,,,,,,,
24101-n,12EF83B0EE,3,,LODS,219,9015,,,"22""",100000,Eclipse,9,15,41,18.4,1559,2041,,,,,,,2024-07-19,2024-08-26,,0,219,,,,,,,,,,,,,,,,,,,,,,,
24101-n,1ACBA97B56,3,,LODS,220,10015,,,"22""",100000,Cayenne,10,15,41,20.3,1672,2138,,,,,,,2024-07-23,2024-08-30,,0,220,,,,,,,,,,,,,,,,,,,,,,,
24101-n,173155525C,3,,LODS,221,11015,,,"22""",100000,black bear,11,15,26,20.2,1727,2211,,,,,,,2024-07-24,2024-08-31,,0,221,,,,,,,,,,,,,,,,,,,,,,,
24101-n,11EC604BC5,3,,LODS,222,12015,,,"22""",100000,ETNA,12,15,58,20,676,868,,,,,,,2024-07-19,2024-08-23,,0,222,,,,,,,,,,,,,,,,,,,,,,,
24101-n,1FDA18AEA7,3,,LODS,223,13015,,,"22""",100000,Redhawk,13,15,57,19.2,381,494,,,,,,,2024-07-19,2024-08-21,,0,223,,,,,,,,,,,,,,,,,,,,,,,
24101-n,140B25FD63,3,,LODS,224,14015,,,"22""",100000,Windbreaker,14,15,44,18.2,1194,1567,,,,,,,2024-07-20,2024-08-26,,0,224,,,,,,,,,,,,,,,,,,,,,,,
24101-n,1B3C6DE8BA,3,,LODS,225,15015,,,"22""",100000,Merlot,15,15,46,18.5,1015,1327,,,,,,,2024-07-22,,,0,225,,,,,,,,,,,,,,,,,,,,,,,
24101-n,11D5A160FD,3,,LODS,226,15016,,,"30""",100000,Eclipse,15,16,25,17.9,2074,2732,,,,,,,2024-07-22,2024-08-26,,0,226,,,,,,,,,,,,,,,,,,,,,,,
24101-n,17BCFC1D0E,3,,LODS,227,14016,,,"30""",100000,T9905,14,16,27,17.6,2041,2699,,,,,,,2024-07-24,2024-08-31,,0,227,,,,,,,,,,,,,,,,,,,,,,,
24101-n,17EBFE59C1,3,,LODS,228,13016,,,"30""",100000,Merlot,13,16,45,19.6,1474,1902,,,,,,,2024-07-26,2024-09-01,,0,228,,,,,,,,,,,,,,,,,,,,,,,
24101-n,14314EC041,3,,LODS,229,12016,,,"30""",100000,Windbreaker,12,16,43,17.6,1402,1854,,,,,,,2024-07-20,2024-08-24,,0,229,,,,,,,,,,,,,,,,,,,,,,,
24101-n,1259CDB3C1,3,,LODS,230,11016,,,"30""",100000,Zorro,11,16,29,20.8,2007,2551,,,,,,,2024-07-26,2024-08-30,,0,230,,,,,,,,,,,,,,,,,,,,,,,
24101-n,1B1DAAE457,3,,LODS,231,10016,,,"30""",100000,Red Dawn,10,16,69,19.2,398,516,,,,,,,2024-07-16,2024-08-21,,0,231,,,,,,,,,,,,,,,,,,,,,,,
24101-n,15059F9B51,3,,LODS,232,9016,,,"30""",100000,Ronnies red,9,16,70,20.1,728,933,,,,,,,2024-07-20,2024-09-01,,0,232,,,,,,,,,,,,,,,,,,,,,,,
24101-n,1070391AA4,3,,LODS,233,8016,,,"30""",100000,Red Rover,8,16,51,21.1,857,1085,,,,,,,2024-07-17,2024-08-21,,0,233,,,,,,,,,,,,,,,,,,,,,,,
24101-n,19C0B13B77,3,,LODS,234,7016,,,"30""",100000,CLERK,7,16,75,21.2,895,1132,,,,,,,2024-07-20,,,0,234,,,,,,,,,,,,,,,,,,,,,,,
24101-n,19E336647B,3,,LODS,235,6016,,,"30""",100000,ETNA,6,16,58,17.7,980,1294,,,,,,,2024-07-18,2024-08-21,,0,235,,,,,,,,,,,,,,,,,,,,,,,
24101-n,14812201FE,3,,LODS,236,5016,,,"30""",100000,Nautica,5,16,,,,,,,,,,,2024-07-24,2024-08-30,,0,236,,,,,,,,,,,,,,,,,,,,,,,
24101-n,1F98C2ABF6,3,,LODS,237,4016,,,"30""",100000,Apex,4,16,30,19.4,1969,2547,,,,,,,2024-07-26,2024-09-01,,0,237,,,,,,,,,,,,,,,,,,,,,,,
24101-n,15E9CC80F0,3,,LODS,238,3016,,,"30""",100000,Cayenne,3,16,56,17.9,1310,1726,,,,,,,2024-07-26,2024-08-30,,0,238,,,,,,,,,,,,,,,,,,,,,,,
24101-n,1C1CAA7A5F,3,,LODS,239,2016,,,"30""",100000,Redhawk,2,16,56,19.3,361,467,,,,,,,2024-07-16,2024-08-26,,0,239,,,,,,,,,,,,,,,,,,,,,,,
24101-n,1AFDF9FCFC,3,,LODS,240,1016,,,"30""",100000,black bear,1,16,59,17.5,1837,2432,,,,,,,2024-07-23,2024-08-30,,0,240,,,,,,,,,,,,,,,,,,,,,,,
24101-n,1EFFB4BBF3,3,,LODS,241,1017,,,"30""",150000,Apex,1,17,29,17.8,2002,2641,,,,,,,2024-07-18,2024-09-01,,0,241,,,,,,,,,,,,,,,,,,,,,,,
24101-n,1597C0C6D6,3,,LODS,242,2017,,,"30""",150000,Red Dawn,2,17,63,20.3,364,466,,,,,,,2024-07-16,2024-08-20,,0,242,,,,,,,,,,,,,,,,,,,,,,,
24101-n,1EF1E40699,3,,LODS,243,3017,,,"30""",150000,Nautica,3,17,23,15.9,766,1034,,,,,,,2024-07-26,2024-08-31,,0,243,,,,,,,,,,,,,,,,,,,,,,,
24101-n,1FC9C898A6,3,,LODS,244,4017,,,"30""",150000,Windbreaker,4,17,41,19.6,1767,2280,,,,,,,2024-07-21,2024-08-21,,0,244,,,,,,,,,,,,,,,,,,,,,,,
24101-n,1B5F6CAFAA,3,,LODS,245,5017,,,"30""",150000,Eclipse,5,17,48,17.9,1973,2599,,,,,,,2024-07-21,2024-08-23,,0,245,,,,,,,,,,,,,,,,,,,,,,,
24101-n,16CA55D478,3,,LODS,246,6017,,,"30""",150000,black bear,6,17,24,17.9,2120,2793,,,,,,,2024-07-23,2024-08-30,,0,246,,,,,,,,,,,,,,,,,,,,,,,
24101-n,1743EE89CD,3,,LODS,247,7017,,,"30""",150000,Merlot,7,17,41,17.7,1483,1958,,,,,,,2024-07-23,2024-09-01,,0,247,,,,,,,,,,,,,,,,,,,,,,,
24101-n,14133769EF,3,,LODS,248,8017,,,"30""",150000,CLERK,8,17,94,22.7,980,1216,,,,,,,2024-07-24,,,0,248,,,,,,,,,,,,,,,,,,,,,,,
24101-n,1E26CF6FAC,3,,LODS,249,9017,,,"30""",150000,Ronnies red,9,17,66,19.8,984,1266,,,,,,,2024-07-22,,,0,249,,,,,,,,,,,,,,,,,,,,,,,
24101-n,19560BA2F1,3,,LODS,250,10017,,,"30""",150000,Redhawk,10,17,65,20.5,775,989,,,,,,,2024-07-18,2024-08-26,,0,250,,,,,,,,,,,,,,,,,,,,,,,
24101-n,18DA1E9071,3,,LODS,251,11017,,,"30""",150000,Cayenne,11,17,41,19.1,2508,3256,,,,,,,2024-07-23,2024-08-30,,0,251,,,,,,,,,,,,,,,,,,,,,,,
24101-n,1839F24454,3,,LODS,252,12017,,,"30""",150000,ETNA,12,17,50,17.8,472,623,,,,,,,2024-07-17,2024-08-20,,0,252,,,,,,,,,,,,,,,,,,,,,,,
24101-n,1BE6B8661A,3,,LODS,253,13017,,,"30""",150000,Red Rover,13,17,63,19.7,670,863,,,,,,,2024-07-18,2024-08-23,,0,253,,,,,,,,,,,,,,,,,,,,,,,
24101-n,1D7076FD12,3,,LODS,254,14017,,,"30""",150000,T9905,14,17,38,18.5,2109,2758,,,,,,,2024-07-24,2024-08-30,,0,254,,,,,,,,,,,,,,,,,,,,,,,
24101-n,1DD79202CD,3,,LODS,255,15017,,,"30""",150000,Zorro,15,17,27,20.7,1306,1662,,,,,,,2024-07-24,2024-08-28,,0,255,,,,,,,,,,,,,,,,,,,,,,,
24101-n,137C8A71EA,3,,LODS,256,15018,,,"30""",75000,Nautica,15,18,28,16.5,1392,1865,,,,,,,2024-07-25,2024-08-30,,0,256,,,,,,,,,,,,,,,,,,,,,,,
24101-n,1C8BF78179,3,,LODS,257,14018,,,"30""",75000,black bear,14,18,71,21.9,720,902,,,,,,,2024-07-23,2024-08-30,,0,257,,,,,,,,,,,,,,,,,,,,,,,
24101-n,17413F4289,3,,LODS,258,13018,,,"30""",75000,ETNA,13,18,28,20.5,1838,2345,,,,,,,2024-07-18,2024-08-23,,0,258,,,,,,,,,,,,,,,,,,,,,,,
24101-n,1DFD5992AB,3,,LODS,259,12018,,,"30""",75000,Ronnies red,12,18,61,20.3,636,813,,,,,,,2024-07-21,2024-09-02,,0,259,,,,,,,,,,,,,,,,,,,,,,,
24101-n,1A88B14122,3,,LODS,260,11018,,,"30""",75000,Merlot,11,18,27,18.6,1694,2213,,,,,,,2024-07-24,2024-08-30,,0,260,,,,,,,,,,,,,,,,,,,,,,,
24101-n,131D420CA5,3,,LODS,261,10018,,,"30""",75000,Redhawk,10,18,41,17.8,2207,2911,,,,,,,2024-07-19,2024-08-30,,0,261,,,,,,,,,,,,,,,,,,,,,,,
24101-n,1621A5E489,3,,LODS,262,9018,,,"30""",75000,Windbreaker,9,18,58,18.9,527,686,,,,,,,2024-07-19,2024-08-24,,0,262,,,,,,,,,,,,,,,,,,,,,,,
24101-n,1844C7FCA3,3,,LODS,263,8018,,,"30""",75000,T9905,8,18,48,18.6,1875,2449,,,,,,,2024-07-21,2024-08-30,,0,263,,,,,,,,,,,,,,,,,,,,,,,
24101-n,1C399A622E,3,,LODS,264,7018,,,"30""",75000,Red Rover,7,18,26,19.6,1247,1609,,,,,,,2024-07-17,2024-08-21,,0,264,,,,,,,,,,,,,,,,,,,,,,,
24101-n,178080C6F1,3,,LODS,265,6018,,,"30""",75000,Cayenne,6,18,70,19.7,614,791,,,,,,,2024-07-24,2024-08-30,,0,265,,,,,,,,,,,,,,,,,,,,,,,
24101-n,172F6E3B6E,3,,LODS,266,5018,,,"30""",75000,Zorro,5,18,41,19,1258,1635,,,,,,,2024-07-21,2024-08-26,,0,266,,,,,,,,,,,,,,,,,,,,,,,
24101-n,18B0FF5910,3,,LODS,267,4018,,,"30""",75000,Red Dawn,4,18,71,21.6,714,898,,,,,,,2024-07-19,2024-08-19,,0,267,,,,,,,,,,,,,,,,,,,,,,,
24101-n,159D531A2B,3,,LODS,268,3018,,,"30""",75000,Apex,3,18,58,20.1,617,791,,,,,,,2024-07-23,2024-09-02,,0,268,,,,,,,,,,,,,,,,,,,,,,,
24101-n,1CB9FA324A,3,,LODS,269,2018,,,"30""",75000,CLERK,2,18,27,17.5,2069,2739,,,,,,,2024-07-21,2024-09-02,,0,269,,,,,,,,,,,,,,,,,,,,,,,
24101-n,1AEA6AB175,3,,LODS,270,1018,,,"30""",75000,Eclipse,1,18,33,18.8,1362,1775,,,,,,,2024-07-25,2024-08-21,,0,270,,,,,,,,,,,,,,,,,,,,,,,
24101-n,1629533B8A,4,,LODS,271,1019,,,"22""",75000,Ronnies red,1,19,76,18,201,264,,,,,,,2024-07-19,,,0,271,,,,,,,,,,,,,,,,,,,,,,,
24101-n,1836349E2A,4,,LODS,272,2019,,,"22""",75000,CLERK,2,19,70,20.7,639,813,,,,,,,2024-07-20,,,0,272,,,,,,,,,,,,,,,,,,,,,,,
24101-n,15F1103A97,4,,LODS,273,3019,,,"22""",75000,black bear,3,19,43,17.1,1417,1885,,,,,,,2024-07-24,2024-09-01,,0,273,,,,,,,,,,,,,,,,,,,,,,,
24101-n,119160E3DE,4,,LODS,274,4019,,,"22""",75000,Nautica,4,19,41,18.4,1685,2206,,,,,,,2024-07-25,2024-08-30,,0,274,,,,,,,,,,,,,,,,,,,,,,,
24101-n,1FD697FBFD,4,,LODS,275,5019,,,"22""",75000,ETNA,5,19,59,18.8,592,771,,,,,,,2024-07-18,2024-08-20,,0,275,,,,,,,,,,,,,,,,,,,,,,,
24101-n,1C77D7A0FB,4,,LODS,276,6019,,,"22""",75000,Merlot,6,19,0,17.6,1003,1326,,,,,,,2024-07-25,2024-09-01,,0,276,,,,,,,,,,,,,,,,,,,,,,,
24101-n,1261178526,4,,LODS,277,7019,,,"22""",75000,Redhawk,7,19,,,,,,,,,,,2024-07-16,2024-08-21,,0,277,,,,,,,,,,,,,,,,,,,,,,,
24101-n,1779F829CC,4,,LODS,278,8019,,,"22""",75000,Apex,8,19,27,19.1,1860,2415,,,,,,,2024-07-22,2024-09-01,,0,278,,,,,,,,,,,,,,,,,,,,,,,
24101-n,147179A32B,4,,LODS,279,9019,,,"22""",75000,Red Rover,9,19,69,19.4,368,476,,,,,,,2024-07-17,2024-08-21,,0,279,,,,,,,,,,,,,,,,,,,,,,,
24101-n,1D1564C77F,4,,LODS,280,10019,,,"22""",75000,T9905,10,19,29,18.9,1261,1641,,,,,,,2024-07-26,2024-08-30,,0,280,,,,,,,,,,,,,,,,,,,,,,,
24101-n,10B9B24050,4,,LODS,281,11019,,,"22""",75000,Cayenne,11,19,41,19.1,1497,1943,,,,,,,2024-07-23,2024-09-01,,0,281,,,,,,,,,,,,,,,,,,,,,,,
24101-n,11B9586688,4,,LODS,282,12019,,,"22""",75000,Zorro,12,19,39,19.3,1677,2172,,,,,,,2024-07-21,2024-08-30,,0,282,,,,,,,,,,,,,,,,,,,,,,,
24101-n,116C8646E4,4,,LODS,283,13019,,,"22""",75000,Windbreaker,13,19,66,17.8,1092,1440,,,,,,,2024-07-21,2024-08-28,,0,283,,,,,,,,,,,,,,,,,,,,,,,
24101-n,1C05A9DD0F,4,,LODS,284,14019,,,"22""",75000,Red Dawn,14,19,,,,,,,,,,,2024-07-20,2024-08-24,,0,284,,,,,,,,,,,,,,,,,,,,,,,
24101-n,1C6C69333A,4,,LODS,285,15019,,,"22""",75000,Eclipse,15,19,27,18.3,905,1186,,,,,,,2024-07-24,2024-08-30,,0,285,,,,,,,,,,,,,,,,,,,,,,,
24101-n,19CB41E919,4,,LODS,286,15020,,,"22""",100000,CLERK,15,20,76,19.4,561,726,,,,,,,2024-07-24,,,0,286,,,,,,,,,,,,,,,,,,,,,,,
24101-n,1713FA3EEE,4,,LODS,287,14020,,,"22""",100000,Red Rover,14,20,,,,,,,,,,,2024-07-20,2024-08-26,,0,287,,,,,,,,,,,,,,,,,,,,,,,
24101-n,18EB119CF7,4,,LODS,288,13020,,,"22""",100000,Eclipse,13,20,28,18.2,1716,2252,,,,,,,2024-07-25,2024-08-26,,0,288,,,,,,,,,,,,,,,,,,,,,,,
24101-n,1A28CF475A,4,,LODS,289,12020,,,"22""",100000,Ronnies red,12,20,71,18.5,695,909,,,,,,,2024-07-21,,,0,289,,,,,,,,,,,,,,,,,,,,,,,
24101-n,1D3EE19DDE,4,,LODS,290,11020,,,"22""",100000,Windbreaker,11,20,46,18.9,1409,1834,,,,,,,2024-07-20,2024-08-24,,0,290,,,,,,,,,,,,,,,,,,,,,,,
24101-n,15250B59CE,4,,LODS,291,10020,,,"22""",100000,Cayenne,10,20,44,19.5,1870,2416,,,,,,,2024-07-24,2024-08-30,,0,291,,,,,,,,,,,,,,,,,,,,,,,
24101-n,19A4798182,4,,LODS,292,9020,,,"22""",100000,Apex,9,20,,,,,,,,,,,2024-07-26,2024-09-03,,0,292,,,,,,,,,,,,,,,,,,,,,,,
24101-n,17FD8383CA,4,,LODS,293,8020,,,"22""",100000,Zorro,8,20,41,19.1,1350,1752,,,,,,,2024-07-24,2024-08-30,,0,293,,,,,,,,,,,,,,,,,,,,,,,
24101-n,1760FF63F5,4,,LODS,294,7020,,,"22""",100000,Nautica,7,20,31,17.7,1480,1954,,,,,,,2024-07-25,2024-08-30,,0,294,,,,,,,,,,,,,,,,,,,,,,,
24101-n,1D1279BF3A,4,,LODS,295,6020,,,"22""",100000,Red Dawn,6,20,67,20.6,479,610,,,,,,,2024-07-16,2024-08-19,,0,295,,,,,,,,,,,,,,,,,,,,,,,
24101-n,10367737DA,4,,LODS,296,5020,,,"22""",100000,black bear,5,20,26,18,1756,2311,,,,,,,2024-07-25,2024-08-31,,0,296,,,,,,,,,,,,,,,,,,,,,,,
24101-n,1716A0EA9B,4,,LODS,297,4020,,,"22""",100000,Redhawk,4,20,48,20,305,392,,,,,,,2024-07-18,2024-08-20,,0,297,,,,,,,,,,,,,,,,,,,,,,,
24101-n,16E3AA9234,4,,LODS,298,3020,,,"22""",100000,ETNA,3,20,53,18.7,387,505,,,,,,,2024-07-20,2024-08-20,,0,298,,,,,,,,,,,,,,,,,,,,,,,
24101-n,1EFD657BCD,4,,LODS,299,2020,,,"22""",100000,Merlot,2,20,44,18.2,873,1146,,,,,,,2024-07-24,2024-08-27,,0,299,,,,,,,,,,,,,,,,,,,,,,,
24101-n,179D7709CE,4,,LODS,300,1020,,,"22""",100000,T9905,1,20,27,18.4,1182,1548,,,,,,,2024-07-22,2024-08-30,,0,300,,,,,,,,,,,,,,,,,,,,,,,
24101-n,19CD413B6F,4,,LODS,301,1021,,,"22""",150000,Nautica,1,21,26,18,949,1249,,,,,,,2024-07-22,2024-08-26,,0,301,,,,,,,,,,,,,,,,,,,,,,,
24101-n,1846B14E28,4,,LODS,302,2021,,,"22""",150000,Ronnies red,2,21,69,20,252,323,,,,,,,2024-07-25,2024-09-02,,0,302,,,,,,,,,,,,,,,,,,,,,,,
24101-n,165D4DC392,4,,LODS,303,3021,,,"22""",150000,Eclipse,3,21,44,17.3,1162,1542,,,,,,,2024-07-23,2024-08-23,,0,303,,,,,,,,,,,,,,,,,,,,,,,
24101-n,19B22E8E3A,4,,LODS,304,4021,,,"22""",150000,black bear,4,21,40,17.3,1875,2488,,,,,,,2024-07-23,2024-08-29,,0,304,,,,,,,,,,,,,,,,,,,,,,,
24101-n,1B4AF1198F,4,,LODS,305,5021,,,"22""",150000,Merlot,5,21,40,18.4,1332,1744,,,,,,,2024-07-26,2024-08-31,,0,305,,,,,,,,,,,,,,,,,,,,,,,
24101-n,1268400927,4,,LODS,306,6021,,,"22""",150000,Redhawk,6,21,,,,,,,,,,,2024-07-17,2024-08-21,,0,306,,,,,,,,,,,,,,,,,,,,,,,
24101-n,1D4E689309,4,,LODS,307,7021,,,"22""",150000,Cayenne,7,21,40,18.3,2280,2989,,,,,,,2024-07-23,2024-08-28,,0,307,,,,,,,,,,,,,,,,,,,,,,,
24101-n,14D1B023D4,4,,LODS,308,8021,,,"22""",150000,Red Rover,8,21,62,21.7,561,705,,,,,,,2024-07-19,2024-08-23,,0,308,,,,,,,,,,,,,,,,,,,,,,,
24101-n,1703D43F70,4,,LODS,309,9021,,,"22""",150000,Zorro,9,21,26,19,1452,1887,,,,,,,2024-07-26,2024-08-26,,0,309,,,,,,,,,,,,,,,,,,,,,,,
24101-n,185306E99C,4,,LODS,310,10021,,,"22""",150000,T9905,10,21,25,18.2,1903,2498,,,,,,,2024-07-23,2024-08-30,,0,310,,,,,,,,,,,,,,,,,,,,,,,
24101-n,11CA3A8C7E,4,,LODS,311,11021,,,"22""",150000,CLERK,11,21,64,16.8,669,893,,,,,,,2024-07-22,2024-09-02,,0,311,,,,,,,,,,,,,,,,,,,,,,,
24101-n,1A4C47E754,4,,LODS,312,12021,,,"22""",150000,Red Dawn,12,21,59,18,387,509,,,,,,,2024-07-18,2024-08-21,,0,312,,,,,,,,,,,,,,,,,,,,,,,
24101-n,1362E33B9E,4,,LODS,313,13021,,,"22""",150000,Apex,13,21,36,19.3,1403,1817,,,,,,,2024-07-22,2024-08-31,,0,313,,,,,,,,,,,,,,,,,,,,,,,
24101-n,179B0EBA68,4,,LODS,314,14021,,,"22""",150000,ETNA,14,21,69,18,283,372,,,,,,,2024-07-18,2024-08-20,,0,314,,,,,,,,,,,,,,,,,,,,,,,
24101-n,1CADF115D8,4,,LODS,315,15021,,,"22""",150000,Windbreaker,15,21,,,,,,,,,,,2024-07-20,2024-08-30,,0,315,,,,,,,,,,,,,,,,,,,,,,,
24101-n,1C5C0EAFE4,4,,LODS,316,15022,,,"30""",150000,Ronnies red,15,22,66,20,602,773,,,,,,,2024-07-25,,,0,316,,,,,,,,,,,,,,,,,,,,,,,
24101-n,13928AF387,4,,LODS,317,14022,,,"30""",150000,Redhawk,14,22,56,21,433,549,,,,,,,2024-07-19,2024-08-23,,0,317,,,,,,,,,,,,,,,,,,,,,,,
24101-n,1FFCF5480D,4,,LODS,318,13022,,,"30""",150000,Cayenne,13,22,40,18.7,1319,1721,,,,,,,2024-07-22,2024-08-28,,0,318,,,,,,,,,,,,,,,,,,,,,,,
24101-n,1CEC5C1AED,4,,LODS,319,12022,,,"30""",150000,Red Dawn,12,22,67,20.6,399,508,,,,,,,2024-07-18,2024-08-21,,0,319,,,,,,,,,,,,,,,,,,,,,,,
24101-n,172226D42A,4,,LODS,320,11022,,,"30""",150000,Windbreaker,11,22,44,18.6,1507,1968,,,,,,,2024-07-20,2024-08-23,,0,320,,,,,,,,,,,,,,,,,,,,,,,
24101-n,1BD891F8B8,4,,LODS,321,10022,,,"30""",150000,Nautica,10,22,27,18.9,1809,2354,,,,,,,2024-07-23,2024-08-29,,0,321,,,,,,,,,,,,,,,,,,,,,,,
24101-n,1633AA4AFF,4,,LODS,322,9022,,,"30""",150000,Eclipse,9,22,40,18,1761,2317,,,,,,,2024-07-23,2024-08-26,,0,322,,,,,,,,,,,,,,,,,,,,,,,
24101-n,13923433FD,4,,LODS,323,8022,,,"30""",150000,ETNA,8,22,49,20.7,398,506,,,,,,,2024-07-18,2024-08-21,,0,323,,,,,,,,,,,,,,,,,,,,,,,
24101-n,10A9092A76,4,,LODS,324,7022,,,"30""",150000,CLERK,7,22,67,20,827,1062,,,,,,,2024-07-20,,,0,324,,,,,,,,,,,,,,,,,,,,,,,
24101-n,1559A17693,4,,LODS,325,6022,,,"30""",150000,Apex,6,22,28,18.9,1843,2398,,,,,,,2024-07-21,2024-09-01,,0,325,,,,,,,,,,,,,,,,,,,,,,,
24101-n,197D5DC9C4,4,,LODS,326,5022,,,"30""",150000,Zorro,5,22,24,19.3,1872,2424,,,,,,,2024-07-25,2024-08-24,,0,326,,,,,,,,,,,,,,,,,,,,,,,
24101-n,19E2CC8138,4,,LODS,327,4022,,,"30""",150000,Merlot,4,22,44,18.3,1108,1453,,,,,,,2024-07-20,2024-08-30,,0,327,,,,,,,,,,,,,,,,,,,,,,,
24101-n,1ED9D8003A,4,,LODS,328,3022,,,"30""",150000,Red Rover,3,22,,,,,,,,,,,2024-07-19,2024-08-23,,0,328,,,,,,,,,,,,,,,,,,,,,,,
24101-n,171E125DCE,4,,LODS,329,2022,,,"30""",150000,T9905,2,22,28,19.2,602,781,,,,,,,2024-07-22,2024-08-30,,0,329,,,,,,,,,,,,,,,,,,,,,,,
24101-n,1079181E59,4,,LODS,330,1022,,,"30""",150000,black bear,1,22,,,,,,,,,,,2024-07-21,2024-08-28,,0,330,,,,,,,,,,,,,,,,,,,,,,,
24101-n,18D12A1076,4,,LODS,331,1023,,,"30""",100000,Redhawk,1,23,51,20,69,89,,,,,,,2024-07-17,2024-08-21,,0,331,,,,,,,,,,,,,,,,,,,,,,,
24101-n,1B2DDA698C,4,,LODS,332,2023,,,"30""",100000,Ronnies red,2,23,,,,,,,,,,,2024-07-25,2024-08-31,,0,332,,,,,,,,,,,,,,,,,,,,,,,
24101-n,15B3A956D5,4,,LODS,333,3023,,,"30""",100000,Merlot,3,23,44,19.9,507,652,,,,,,,2024-07-25,2024-08-28,,0,333,,,,,,,,,,,,,,,,,,,,,,,
24101-n,1EF86E95D8,4,,LODS,334,4023,,,"30""",100000,Eclipse,4,23,,,,,,,,,,,2024-07-20,2024-08-26,,0,334,,,,,,,,,,,,,,,,,,,,,,,
24101-n,1BF4944431,4,,LODS,335,5023,,,"30""",100000,Apex,5,23,31,24.1,1489,1813,,,,,,,2024-07-24,,,0,335,,,,,,,,,,,,,,,,,,,,,,,
24101-n,113367E42B,4,,LODS,336,6023,,,"30""",100000,CLERK,6,23,64,25.4,419,502,,,,,,,2024-07-24,,,0,336,,,,,,,,,,,,,,,,,,,,,,,
24101-n,14D541DADE,4,,LODS,337,7023,,,"30""",100000,ETNA,7,23,57,23.6,681,835,,,,,,,2024-07-18,2024-08-26,,0,337,,,,,,,,,,,,,,,,,,,,,,,
24101-n,18448CDB9F,4,,LODS,338,8023,,,"30""",100000,Cayenne,8,23,,,,,,,,,,,2024-07-21,2024-08-30,,0,338,,,,,,,,,,,,,,,,,,,,,,,
24101-n,1DE4E0341F,4,,LODS,339,9023,,,"30""",100000,Zorro,9,23,26,24.3,1653,2008,,,,,,,2024-07-24,2024-08-28,,0,339,,,,,,,,,,,,,,,,,,,,,,,
24101-n,1E095762D9,4,,LODS,340,10023,,,"30""",100000,Red Rover,10,23,66,19.4,411,532,,,,,,,2024-07-18,2024-08-24,,0,340,,,,,,,,,,,,,,,,,,,,,,,
24101-n,1E6C09B8E8,4,,LODS,341,11023,,,"30""",100000,Nautica,11,23,46,21.4,1311,1653,,,,,,,2024-07-23,2024-08-30,,0,341,,,,,,,,,,,,,,,,,,,,,,,
24101-n,1CF5B62A28,4,,LODS,342,12023,,,"30""",100000,black bear,12,23,66,25.3,1503,1802,,,,,,,2024-07-24,2024-08-28,,0,342,,,,,,,,,,,,,,,,,,,,,,,
24101-n,1053FECB2B,4,,LODS,343,13023,,,"30""",100000,Red Dawn,13,23,65,24.7,214,259,,,,,,,2024-07-17,2024-08-23,,0,343,,,,,,,,,,,,,,,,,,,,,,,
24101-n,1A14590FE2,4,,LODS,344,14023,,,"30""",100000,T9905,14,23,,,,,,,,,,,2024-07-23,2024-08-30,,0,344,,,,,,,,,,,,,,,,,,,,,,,
24101-n,14A75B7E58,4,,LODS,345,15023,,,"30""",100000,Windbreaker,15,23,53,21.3,934,1179,,,,,,,2024-07-21,2024-08-23,,0,345,,,,,,,,,,,,,,,,,,,,,,,
24101-n,17BE1EC0F9,4,,LODS,346,15024,,,"30""",75000,black bear,15,24,27,26.2,1565,1853,,,,,,,2024-07-22,2024-08-30,,0,346,,,,,,,,,,,,,,,,,,,,,,,
24101-n,13D39C81EF,4,,LODS,347,14024,,,"30""",75000,Nautica,14,24,,,,,,,,,,,2024-07-24,2024-08-30,,0,347,,,,,,,,,,,,,,,,,,,,,,,
24101-n,1F7EC2169B,4,,LODS,348,13024,,,"30""",75000,Windbreaker,13,24,59,23.3,1504,1851,,,,,,,2024-07-21,2024-08-26,,0,348,,,,,,,,,,,,,,,,,,,,,,,
24101-n,1AB9478878,4,,LODS,349,12024,,,"30""",75000,ETNA,12,24,55,22.2,501,625,,,,,,,2024-07-20,2024-08-24,,0,349,,,,,,,,,,,,,,,,,,,,,,,
24101-n,199C9D9E7A,4,,LODS,350,11024,,,"30""",75000,Zorro,11,24,30,25.6,1272,1519,,,,,,,2024-07-21,2024-09-01,,0,350,,,,,,,,,,,,,,,,,,,,,,,
24101-n,1F6D482069,4,,LODS,351,10024,,,"30""",75000,Merlot,10,24,55,23,1094,1352,,,,,,,2024-07-24,2024-09-02,,0,351,,,,,,,,,,,,,,,,,,,,,,,
24101-n,1F138CBA43,4,,LODS,352,9024,,,"30""",75000,T9905,9,24,29,23.3,1460,1797,,,,,,,2024-07-27,2024-08-31,,0,352,,,,,,,,,,,,,,,,,,,,,,,
24101-n,18A3E17633,4,,LODS,353,8024,,,"30""",75000,Apex,8,24,30,25.2,1433,1720,,,,,,,2024-07-23,2024-09-03,,0,353,,,,,,,,,,,,,,,,,,,,,,,
24101-n,1C94E545BB,4,,LODS,354,7024,,,"30""",75000,Cayenne,7,24,43,20.5,1832,2337,,,,,,,2024-07-19,2024-09-01,,0,354,,,,,,,,,,,,,,,,,,,,,,,
24101-n,17F9F65A41,4,,LODS,355,6024,,,"30""",75000,Redhawk,6,24,62,24,362,441,,,,,,,2024-07-16,2024-08-25,,0,355,,,,,,,,,,,,,,,,,,,,,,,
24101-n,1E5355C25E,4,,LODS,356,5024,,,"30""",75000,Red Dawn,5,24,58.4,20,57,73,,,,,,,2024-07-20,2024-08-19,,0,356,,,,,,,,,,,,,,,,,,,,,,,
24101-n,19A34A75F4,4,,LODS,357,4024,,,"30""",75000,CLERK,4,24,,,,,,,,,,,2024-07-21,2024-08-30,,0,357,,,,,,,,,,,,,,,,,,,,,,,
24101-n,1AC1A4B836,4,,LODS,358,3024,,,"30""",75000,Red Rover,3,24,,,,,,,,,,,2024-07-19,2024-08-19,,0,358,,,,,,,,,,,,,,,,,,,,,,,
24101-n,1DE0FDE558,4,,LODS,359,2024,,,"30""",75000,Eclipse,2,24,0,21.4,224,283,,,,,,,2024-07-28,2024-08-22,,0,359,,,,,,,,,,,,,,,,,,,,,,,
24101-n,1EB3699B63,4,,LODS,360,1024,,,"30""",75000,Ronnies red,1,24,,,,,,,,,,,2024-07-26,,,0,360,,,,,,,,,,,,,,,,,,,,,,,
